,country_code,item_group_code,outlet_group_code,week_of_forecast,target,baseline,num_values_used_in_calculation,mape,mae,rmse,mpe,wide_mape,mape_cumsum_h_1,mape_cumsum_h_4,mape_cumsum_h_8,mape_cumsum_h_13,mape_cumsum_h_26,mae_cumsum_h_1,mae_cumsum_h_4,mae_cumsum_h_8,mae_cumsum_h_13,mae_cumsum_h_26,rmse_cumsum_h_1,rmse_cumsum_h_4,rmse_cumsum_h_8,rmse_cumsum_h_13,rmse_cumsum_h_26,mpe_cumsum_h_1,mpe_cumsum_h_4,mpe_cumsum_h_8,mpe_cumsum_h_13,mpe_cumsum_h_26,wide_mape_cumsum_h_1,wide_mape_cumsum_h_4,wide_mape_cumsum_h_8,wide_mape_cumsum_h_13,wide_mape_cumsum_h_26,in_prod_training,in_prod_inference,1-mase,1-rmsse,rmsse,1-mase_cumsum_h_1,1-mase_cumsum_h_4,1-mase_cumsum_h_8,1-mase_cumsum_h_13,1-mase_cumsum_h_26,1-rmsse_cumsum_h_1,1-rmsse_cumsum_h_4,1-rmsse_cumsum_h_8,1-rmsse_cumsum_h_13,1-rmsse_cumsum_h_26,rmsse_cumsum_h_1,rmsse_cumsum_h_4,rmsse_cumsum_h_8,rmsse_cumsum_h_13,rmsse_cumsum_h_26,cell,week_of_forecast_date
0,GB,INKJET_PRINTING_DEVICES,ALL,2701,quantity,exponential_smoothing,26,0.1776824123591385,5635.898001457654,7356.725237422888,-0.003679400362845,0.0158554882402406,0.1144109335777129,0.068074795717231,0.0552594643895771,0.0585267187757198,0.0444273035506337,4061.3698459475418,4750.519890675172,7370.91987483702,13542.0709624962,17162.825111476257,4061.3698459475418,4837.5918323052965,9526.148582136815,16373.768289091804,20573.86165775197,0.1144109335777129,0.068074795717231,0.0552594643895771,0.0585267187757198,0.0215310276424717,0.1144109335777129,0.0573553900840819,0.0495726927271902,0.0573945248642073,0.0003753210688676,True,True,0.4028725776188707,0.3900376562215504,0.6099623437784496,0.7329977236235148,0.8190077275683756,0.8353197788353017,0.8137350130481589,0.8650428247981061,0.7329977236235148,0.8249509697718922,0.8104776063169192,0.8027126810767578,0.8544877010704984,0.2670022763764852,0.1750490302281078,0.1895223936830807,0.1972873189232422,0.1455122989295015,GB-INKJET_PRINTING_DEVICES-ALL,2021-09-26
1,DE,PTV_FLAT,ALL,2701,quantity,exponential_smoothing,26,0.1069255541640407,11411.065011375342,14612.35848642666,0.0870578609838884,0.0799883341179286,0.0980777618142487,0.1276730046890486,0.112937752875715,0.1059326550999744,0.0892730332378052,9125.937339898735,30881.967031218377,49474.98107349213,85230.27468288607,131145.9824977953,9125.937339898735,33982.09193296637,54069.35358245465,99132.26530396965,145069.7180955079,0.0980777618142487,0.1276730046890486,0.112937752875715,0.1059326550999744,0.0892730332378052,0.0980777618142487,0.1291953229539433,0.1023522963757477,0.0975731104241335,0.0793691553837104,True,True,0.6734924132567187,0.6724992432384109,0.3275007567615891,0.7677002661361536,0.7637213537897863,0.7825798799487552,0.7695518423338696,0.7440769999602701,0.7677002661361536,0.7657430431768382,0.7882986761024205,0.7653883763531852,0.7374093796032397,0.2322997338638464,0.2342569568231618,0.2117013238975794,0.2346116236468147,0.2625906203967603,DE-PTV_FLAT-ALL,2021-09-26
2,DE,DIGITAL_CAMERAS,ALL,2701,quantity,exponential_smoothing,26,0.1705512211594433,2764.7149941060406,5029.536735492017,-0.008848930474572,0.0756245164663057,0.0293850343911991,0.0169837639014856,0.0349567898855225,0.1052715420141768,0.1164343551180104,301.4907694908961,343.95832215476867,2896.012159241359,16658.301395137376,25138.86244823584,301.4907694908961,348.8048274384381,7038.048459217744,24924.85135039444,29760.90786442758,-0.0293850343911991,-0.0035055154030744,0.0247121502332424,0.0989671483820045,0.1132821583019243,0.0293850343911991,0.0003096376655246,0.0519239264465299,0.1643798671720229,0.1346870218208286,True,True,0.3326715750841128,0.233476146675046,0.766523853324954,0.9124154957167931,0.9634998597593324,0.843418632309229,0.581760772008016,0.6103331692411276,0.9124154957167931,0.9657797701503732,0.6869281047938702,0.4953729064561002,0.5878260160336606,0.0875845042832068,0.0342202298496266,0.3130718952061297,0.5046270935438998,0.4121739839663394,DE-DIGITAL_CAMERAS-ALL,2021-09-26
3,GB,POINTING_DEV,ALL,2701,quantity,exponential_smoothing,26,0.1564628400312444,8936.046089883162,11512.395357001644,-0.0529309279621868,0.085250891502396,0.102047894067127,0.0460659976265278,0.0538470179176457,0.0834998670579253,0.105822859782093,5340.746949050001,4667.52875766613,13812.581884200052,43721.35829306938,97191.74777593683,5340.746949050001,5128.499620165301,19745.837312864547,59517.43305469387,115420.79872423304,-0.102047894067127,-0.0460659976265278,-0.0538470179176457,-0.0834998670579253,-0.105822859782093,0.102047894067127,0.0375044850792268,0.0594817979570064,0.1063137868276605,0.1210417398793182,True,True,0.0033084461148833,-0.0465710414125231,1.046571041412523,-0.0252311628699393,0.8495059255917827,0.7182850825286596,0.1915139628283199,0.0037249243695994,-0.0252311628699393,0.8534471487250377,0.631797904915131,-0.0428473801392468,-0.0478865466309539,1.025231162869939,0.1465528512749623,0.368202095084869,1.0428473801392468,1.047886546630954,GB-POINTING_DEV-ALL,2021-09-26
4,DK,MEDIATABLETS,ALL,2701,quantity,exponential_smoothing,26,0.1926150714359026,1043.3185545334045,1499.4334574123022,0.1764170390648207,0.1825175322263888,0.135119310338708,0.1076603045937643,0.1322724473587991,0.1807500169847085,0.1854206537410263,672.6239268660884,1233.399315357649,3288.265834716459,8204.581730325368,14480.761661262084,672.6239268660884,1340.2568285953869,4464.481483251036,10590.201034313111,16555.80430636446,0.135119310338708,0.1076603045937643,0.1322724473587991,0.1807500169847085,0.1854206537410263,0.135119310338708,0.1024269159679987,0.1506353365327679,0.2170731887140808,0.1959612205776639,True,True,0.1555626747437696,0.0619291573371538,0.938070842662846,0.6231798729041522,0.6063200397837061,0.4234715873252096,0.1885797996604757,-0.0323222689517994,0.6231798729041522,0.5943919560182312,0.3284349020047712,0.1073518482829304,-0.0827606299179728,0.3768201270958478,0.4056080439817687,0.6715650979952288,0.8926481517170696,1.0827606299179728,DK-MEDIATABLETS-ALL,2021-09-26
5,CH,MOBILE_COMPUTING,ALL,2701,quantity,exponential_smoothing,26,0.1940034689535433,2017.4822511242471,2337.331701690647,0.1695621946662017,0.1517052987794057,0.0328686313721485,0.0807149078749171,0.0881223382134187,0.0938608069548537,0.1051709158485077,301.2761759613095,2053.2546428598143,3964.638971870601,7511.336477855554,17401.54261480937,301.2761759613095,2544.3979088247843,4628.870193679876,9031.89951610101,21288.73630361671,-0.0328686313721485,0.0642805921888429,0.0799051803703816,0.0888040944360616,0.1026425595891116,0.0328686313721485,0.0885725198015148,0.0929658761045429,0.0989444917886213,0.1143694375727854,True,True,-0.0146136480341423,0.0578761604798006,0.9421238395201994,-0.2453030875100612,0.4111450867371176,0.3931253946390259,0.2503331043291666,-0.3424696466409886,-0.2453030875100612,0.4129300596253952,0.3878472807842604,0.2101523536573326,-0.5181196986144365,1.2453030875100612,0.5870699403746048,0.6121527192157395,0.7898476463426674,1.5181196986144363,CH-MOBILE_COMPUTING-ALL,2021-09-26
6,SE,MEDIATABLETS,ALL,2701,quantity,exponential_smoothing,26,0.0956812367094241,959.5152457940354,1649.133965644583,0.0113385983173911,0.0317080682328013,0.0101938345494953,0.0153394061692791,0.0214751171012822,0.0481786425571906,0.0428471136773618,69.58311463485552,247.98125416001903,1001.0104699081678,4208.425104484758,5344.984435477745,69.58311463485552,313.53854791983616,2323.352631935606,6166.875600976888,6335.9690467973,-0.0101938345494953,0.0102424888945314,0.0171288531343755,0.0455040185775557,0.0415098016875444,0.0101938345494953,0.0133122917882287,0.0293686554064175,0.0706969823122939,0.0451809356747299,True,True,0.1570401625056623,0.2429405158294708,0.7570594841705292,0.9180410899471666,0.827250954956448,0.646192287741215,0.4856290182743663,0.6039781960183368,0.9180410899471666,0.7920041965609921,0.4469810295925448,0.4373166229585101,0.5898960963372986,0.0819589100528334,0.2079958034390079,0.5530189704074552,0.5626833770414899,0.4101039036627014,SE-MEDIATABLETS-ALL,2021-09-26
7,SE,PTV_FLAT,ALL,2701,quantity,exponential_smoothing,26,1.2286454786020262,13837.218490711664,16790.54132699802,1.2024737675031991,0.8651410072814756,0.0669607613995893,0.0590345076682475,0.0550343848435231,0.1123546113816712,0.3420952097149704,843.03598602083,2329.3506580286994,4545.177540394172,21039.396100514827,112214.77784983112,843.03598602083,3166.20717078347,7145.437533298908,32756.48978850521,156669.07508207092,-0.0669607613995893,-0.0590345076682475,-0.0240100092437597,0.0637119073279586,0.3177738576881141,0.0669607613995893,0.067224642189557,0.0082384429888026,0.1413389203653122,0.4659676076769876,True,True,-4.225480484677258,-3.64179914477884,4.641799144778839,0.203179597333809,0.3681403341845384,0.3408248373308913,-1.808190612812304,-6.594991500635574,0.203179597333809,0.3879132616196792,0.1523336041696592,-2.575453326979483,-7.98742003721715,0.7968204026661909,0.6120867383803208,0.8476663958303408,3.575453326979483,8.98742003721715,SE-PTV_FLAT-ALL,2021-09-26
8,DK,PTV_FLAT,ALL,2701,quantity,exponential_smoothing,26,0.1698970727221767,1414.6509953475809,1732.5073329532197,-0.1136291292963153,0.1350027555470872,0.2163863916540284,0.1072505952954754,0.0716849489517827,0.0774524002706249,0.106385063135611,1512.7572640533126,1229.453685230324,1602.190857584257,4158.704140108063,13412.533192832703,1512.7572640533126,1398.2143809293775,2059.995745367259,5417.13739269242,16745.78610832935,0.2163863916540284,0.1072505952954754,0.0355656463436927,-0.0114520339349477,-0.0733848799677724,0.2163863916540284,0.0711880770811687,0.0112767411245796,0.05976450189798,0.1166680093680698,True,True,0.5611810604042438,0.5372557560742979,0.4627442439257021,0.8289123202834978,0.91995613957061,0.9278105429296212,0.8683207519810291,0.7200491117909024,0.8289123202834978,0.9122590516613688,0.9132769841193286,0.8429463795421288,0.6783375505569044,0.1710876797165021,0.0877409483386312,0.0867230158806714,0.1570536204578712,0.3216624494430956,DK-PTV_FLAT-ALL,2021-09-26
9,NO,MOBILE_COMPUTING,ALL,2701,quantity,exponential_smoothing,26,0.1334222267985797,693.5468258423894,865.4566687207079,0.0883288939495827,0.0828669329272353,0.2036634266742792,0.0965583668522525,0.0833218556238894,0.0934196373646119,0.0909044281983167,849.0728258050704,664.4296045054864,1639.543206269764,3748.950273411183,6764.406931406225,849.0728258050704,827.2601795996852,2312.8992883285623,4815.712105711103,7770.68042654161,0.2036634266742792,0.0955914173932427,0.0828383808943845,0.0931221144541473,0.0907556667430844,0.2036634266742792,0.0547307852140064,0.0721494674047492,0.0963620809982027,0.0900750748901741,True,True,0.0076375834075106,0.0728839342775018,0.9271160657224982,-0.1041259113199875,-0.0533961228782979,-0.2238822105214248,-0.1212523249055672,-0.2441608674063515,-0.1041259113199875,-0.1726112208296626,-0.1267093828389029,-0.096505038945404,-0.2572457509236612,1.1041259113199875,1.1726112208296626,1.126709382838903,1.096505038945404,1.2572457509236612,NO-MOBILE_COMPUTING-ALL,2021-09-26
10,GB,MONITORS,ALL,2701,quantity,exponential_smoothing,26,0.1314861303250654,3369.647006330972,5331.576088721875,0.0814338925370729,0.0483884730980671,0.091467586756446,0.0848991275324859,0.0624745739407945,0.0406720003732157,0.0289332539941002,2873.620931097216,6117.420505427216,6453.466650611197,4895.011377943742,8363.779723255597,2873.620931097216,6853.293948564637,7246.194909680545,5948.983218674272,13016.530661820125,-0.091467586756446,0.0391653341542629,0.039607677251683,0.0221478465144627,0.0138725328941884,0.091467586756446,0.0664080204230062,0.0418194753202472,0.0110800232188074,0.0091400397161123,True,True,0.6975987498922017,0.5532025386769459,0.4467974613230541,0.3063766807593681,0.8153454790560163,0.890905361849464,0.944983101671014,0.947259769523637,0.3063766807593681,0.8210538284544888,0.8914548382161103,0.9404235046015376,0.9270708633131434,0.6936233192406319,0.1789461715455111,0.1085451617838897,0.0595764953984623,0.0729291366868566,GB-MONITORS-ALL,2021-09-26
11,NO,PTV_FLAT,ALL,2701,quantity,exponential_smoothing,26,0.1645690894322072,1213.4078478450808,1505.726557486095,-0.0281664190753412,0.030359660147768,0.0556131706340618,0.0358262368541011,0.0460440170437227,0.0578476400191358,0.0387327974829984,302.92494044373507,437.6978984454911,1609.7530179646185,3808.320317648496,3509.68721233814,302.92494044373507,562.7733951607075,2373.122246126339,4925.760837556111,4282.544407140652,0.0556131706340618,0.0074850130188722,0.0318734051261082,0.04912726345445,0.018300313771988,0.0556131706340618,0.0057165937238883,0.0457193741580822,0.0662274814369326,0.0061954360247385,True,True,0.2967162878358389,0.2997027975351279,0.700297202464872,0.7935071980615303,0.8199700160635512,0.7544049099146207,0.7242760564643514,0.8378191475757051,0.7935071980615303,0.7883705795137896,0.7156202044862823,0.7133298959467232,0.8228509896041705,0.2064928019384697,0.2116294204862103,0.2843797955137177,0.2866701040532767,0.1771490103958295,NO-PTV_FLAT-ALL,2021-09-26
12,SE,MOBILE_COMPUTING,ALL,2701,quantity,exponential_smoothing,26,0.1069482409410841,972.8031388530408,1415.560862873704,0.0339994064447409,0.0235561966549464,0.2300019304928691,0.0632734189153334,0.0423270767346418,0.0341833485305973,0.0226646889747587,1566.3131466564391,528.4858074567728,793.2873676000863,1343.3582550161132,1744.9523197754872,1566.3131466564391,809.7870749890483,953.1739881631962,1840.9920185786464,2279.418496009065,0.2300019304928691,0.0552979102357881,0.0210474746828436,0.0210882088064138,0.0122485667248688,0.2300019304928691,0.01711679670606,0.0017811072504378,0.013225497699149,0.0070956869140338,True,True,-0.2827305817110792,-0.3657490940710155,1.3657490940710155,-0.0892302827930731,0.0004996549280892,-0.3202202914085064,0.0643633905593639,0.3045014668542638,-0.0892302827930731,-0.0688516895941246,-0.2619095563763824,0.0603822402059984,0.3297949502009794,1.089230282793073,1.068851689594125,1.2619095563763825,0.9396177597940016,0.6702050497990206,SE-MOBILE_COMPUTING-ALL,2021-09-26
13,GB,INKJET_PRINTING_DEVICES,ALL,2702,quantity,exponential_smoothing,26,0.285696270742653,9403.09949355984,10878.721105757362,-0.268536976617979,0.2729291698625884,0.1560586661346533,0.1498945639427729,0.1417816745668858,0.1456458323824392,0.1968856296460424,5015.06290447135,12066.365987171728,19944.38585751223,34352.2967696636,101834.14382041308,5015.06290447135,13515.50451999728,21924.938215146583,40271.4971417127,127429.43199358604,-0.1560586661346533,-0.1498945639427729,-0.1417816745668858,-0.1456458323824392,-0.1968856296460424,0.1560586661346533,0.15228491970093,0.1354311392991975,0.146559996800249,0.2254166650637257,True,True,-0.0503631058467479,0.0699635366281719,0.930036463371828,0.1117682230365968,0.3449563167554654,0.5095718223572199,0.5045261026349769,0.1457919399133733,0.1117682230365968,0.3363454512847358,0.5510816231642695,0.509106191904235,0.042757552648588,0.8882317769634032,0.6636545487152642,0.4489183768357305,0.490893808095765,0.957242447351412,GB-INKJET_PRINTING_DEVICES-ALL,2021-10-03
14,DE,PTV_FLAT,ALL,2702,quantity,exponential_smoothing,26,0.1474525878366725,15113.328175336464,18709.505948025737,0.0318028737747761,0.0228923765790663,0.4079194071080843,0.2537619495837123,0.1708374836788543,0.1290334167691781,0.073513552951462,36740.47643700638,52159.40179928186,59533.07046328146,71422.38840544311,58190.11776952085,36740.47643700638,53189.718835963446,60679.95920049671,76359.31660327842,64442.648095807206,0.4079194071080843,0.2537619495837123,0.1708374836788543,0.1290334167691781,0.073513552951462,0.4079194071080843,0.2115813191172454,0.1114524095066647,0.0778890853780348,0.0347974249574595,True,True,0.5510767045390648,0.574425255307209,0.425574744692791,0.4896329695377004,0.6386769876798839,0.7575996344318268,0.8084083644824956,0.8836832185391291,0.4896329695377004,0.6532364000654638,0.7787051981785588,0.8170475080940511,0.8794154580404085,0.5103670304622996,0.3467635999345362,0.2212948018214412,0.1829524919059488,0.1205845419595914,DE-PTV_FLAT-ALL,2021-10-03
15,DE,DIGITAL_CAMERAS,ALL,2702,quantity,exponential_smoothing,26,0.1126387176268082,1539.685892801247,2810.9616261904625,0.0163985401184319,0.0297929382679201,0.0955864027172227,0.0271199991235566,0.0389372689738811,0.0456320216311185,0.0439639139492654,1006.2882270866156,349.6149257033435,2813.878029789168,5587.995224203046,8516.621687375595,1006.2882270866156,523.5833028541398,4786.830415281644,7383.414258702601,9752.552444600738,0.0955864027172227,0.021094661959407,0.0280355466300846,0.0389232694195514,0.0406095378434819,0.0955864027172227,0.0062948752232307,0.0372448924156851,0.0487704244360503,0.0441274292891144,True,True,0.6175604632745332,0.5693424306481407,0.4306575693518593,0.813436258878506,0.962807733690068,0.8722575985609647,0.868253015010428,0.868464330421726,0.813436258878506,0.947009243946204,0.8285023985574059,0.8565593091948294,0.8638712290778909,0.186563741121494,0.0529907560537958,0.171497601442594,0.1434406908051706,0.136128770922109,DE-DIGITAL_CAMERAS-ALL,2021-10-03
16,GB,POINTING_DEV,ALL,2702,quantity,exponential_smoothing,26,0.1646309885321684,7930.353852969268,11912.103669376364,0.1191156386695532,0.0759723554083101,0.2372738761341662,0.1573299764733304,0.1073755908331406,0.06903318641048,0.0472343403201282,11445.272003470134,16642.025830451134,16719.769510750433,12326.061537008907,23108.747790196878,11445.272003470134,17188.946469439772,18534.25368249864,14936.838678513832,37939.93101065731,0.2372738761341662,0.1573299764733304,0.1060412279241764,0.0623002405170997,0.0395911994063649,0.2372738761341662,0.1387246804548478,0.0660282154784978,0.0185092651491059,0.0202778512319396,True,True,0.1183683102517482,-0.0814407317128178,1.0814407317128178,0.5491050369829429,0.5761243987009403,0.6722660923223822,0.7767347461764222,0.7678908185467448,0.5491050369829429,0.5772057704306758,0.6501359762873582,0.7377232603458455,0.6606010852646853,0.4508949630170571,0.4227942295693242,0.3498640237126418,0.2622767396541545,0.3393989147353147,GB-POINTING_DEV-ALL,2021-10-03
17,DK,MEDIATABLETS,ALL,2702,quantity,exponential_smoothing,26,0.2089705182674695,1114.220850540677,1571.5911707548066,0.1922818135940798,0.1934077910733458,0.1587829390557457,0.1544336036482254,0.2083475183777988,0.2308321532507097,0.2165154689002331,765.6513321268058,1852.7353911465536,5445.891068955156,9927.72491534542,16010.25203039154,765.6513321268058,2073.329630797028,7203.15623156883,12016.68872479348,17903.979906410546,0.1587829390557457,0.1544336036482254,0.2083475183777988,0.2308321532507097,0.2165154689002331,0.1587829390557457,0.1575723244724063,0.2459835391422544,0.2560857344671701,0.2157078578225282,True,True,0.0652057206544713,-0.0043075179684839,1.004307517968484,0.2139103366254561,0.1687109854642496,0.0622254821205983,-0.0584058677078236,-0.2250412091600895,0.2139103366254561,0.1551701139059685,0.0335980521767744,-0.0867531512338402,-0.2514550261073671,0.7860896633745439,0.8448298860940314,0.9664019478232256,1.0867531512338402,1.2514550261073671,DK-MEDIATABLETS-ALL,2021-10-03
18,CH,MOBILE_COMPUTING,ALL,2702,quantity,exponential_smoothing,26,0.1420717523622939,1419.743404830202,1938.3435519865905,0.0429284131905613,0.025083486116766,0.1140740059036353,0.1304600979894246,0.1160344276690388,0.099493538237314,0.0684922738013944,895.3748575180471,2617.34305508967,4709.86856956337,6494.414308990091,7413.537575951656,895.3748575180471,2810.399352347936,5462.018348361058,7291.14171509294,7913.543046231592,0.1140740059036353,0.1304600979894246,0.1160344276690388,0.099493538237314,0.0684922738013944,0.1140740059036353,0.1241999592186713,0.1055870578839107,0.0828826310249918,0.0482060865065975,True,True,0.288467531445615,0.2189896870851656,0.7810103129148344,0.458965117849065,0.5049827527749494,0.4232434985037748,0.4008699975193056,0.4476178896781758,0.458965117849065,0.5168955646333749,0.3975776658961951,0.3851773787335761,0.4448468277376485,0.541034882150935,0.483104435366625,0.6024223341038049,0.6148226212664238,0.5551531722623515,CH-MOBILE_COMPUTING-ALL,2021-10-03
19,SE,MEDIATABLETS,ALL,2702,quantity,exponential_smoothing,26,0.1321638481913718,1272.5248811275924,2105.373264819784,-0.0448408197709761,0.0139002421752788,0.0214501373353389,0.0240763989368604,0.0471976793941295,0.066102286487617,0.0438158286512003,126.01955684511633,313.21835888902933,2307.5566382681964,5246.628530185788,4348.745533326884,126.01955684511633,361.7340169944443,3903.309104068952,6941.819693084912,5689.167209436079,0.0214501373353389,0.0193054520685038,0.0329781666595925,0.0573518171125173,0.0383713445655521,0.0214501373353389,0.0122664372783972,0.0536825873851032,0.0796067651304253,0.0331590366462368,True,True,-0.0782703333762677,0.0451702510200412,0.9548297489799588,0.5400746100543199,0.6266765686662343,0.3432780823142807,0.386210137483552,0.6755338051077304,0.5400746100543199,0.5982429094263646,0.3140460627682695,0.3819238766584596,0.6259387298674502,0.4599253899456801,0.4017570905736354,0.6859539372317305,0.6180761233415404,0.3740612701325497,SE-MEDIATABLETS-ALL,2021-10-03
20,SE,PTV_FLAT,ALL,2702,quantity,exponential_smoothing,26,0.7710323095812259,8929.900738439164,10283.125472297015,0.7364077248992953,0.5364431258420103,0.0329954645189734,0.1103749926059054,0.0859957871561255,0.116047119464858,0.2460352034606404,367.8334384575155,5016.96572310549,6775.92625787897,19051.59194657698,75657.72164581194,367.8334384575155,6093.579289861302,8252.469959369775,26068.24976125573,101311.16897893597,-0.0329954645189734,-0.1103749926059054,-0.0485771853883385,0.0332329825144185,0.2046281349854208,0.0329954645189734,0.1322289767960014,0.0038535086623485,0.1048099437196828,0.3047689883320839,True,True,-2.4064724351852327,-1.8469262033572829,2.846926203357283,-16.515878021786452,0.2901859474949788,0.08936432101346,-1.2681505133522664,-3.91689703737923,-16.515878021786452,0.3150910499197911,0.1082375189896598,-1.624580122220718,-4.680618097631277,17.515878021786452,0.6849089500802089,0.8917624810103402,2.624580122220718,5.680618097631277,SE-PTV_FLAT-ALL,2021-10-03
21,DK,PTV_FLAT,ALL,2702,quantity,exponential_smoothing,26,0.1495003836888227,1170.280854342317,1572.2401824991002,-0.0333544245705678,0.0569728563185767,0.1041172649108462,0.0664807852672098,0.0564507308584757,0.0483167918086587,0.0565271707454306,700.3968410552625,1060.0008269376667,1652.663760367694,2329.728429626327,6546.163807172143,700.3968410552625,1193.9603146086877,1931.5697185467964,2783.6915733309584,7965.691968141972,0.1041172649108462,-0.0144221528117867,-0.0247169980698535,-0.0287883408618143,-0.0467629452720084,0.1041172649108462,0.0414205004761786,0.0351323819386421,0.0351975578904251,0.057027012534836,True,True,0.6142094305451979,0.5382482259394414,0.4617517740605585,0.8837129601435726,0.8946373612705465,0.9041350526194092,0.9101766141766596,0.8442892492168953,0.8837129601435726,0.8865261449778192,0.8996940460522258,0.9040816532157808,0.8290356087472828,0.1162870398564274,0.1134738550221807,0.1003059539477742,0.0959183467842191,0.1709643912527172,DK-PTV_FLAT-ALL,2021-10-03
22,NO,MOBILE_COMPUTING,ALL,2702,quantity,exponential_smoothing,26,0.1246063315310429,656.6546726579455,835.8182720455724,0.0848032967118335,0.0773508030224156,0.1039580856346856,0.0687834235741496,0.0600844983818539,0.0721316067788588,0.0727622280019837,452.321630596517,706.5548151171918,1418.0320672733417,3189.910954655334,5725.9627638168895,452.321630596517,735.0466628158025,1851.9985954715355,4030.480122383571,6621.311619039254,0.1039580856346856,-0.0168043807568068,0.0154699376571068,0.0446764924867067,0.0590346708559077,0.1039580856346856,0.0380314293487655,0.0315469588851804,0.0687673264755141,0.0725532999100149,True,True,0.0488567415539507,0.0988267791167798,0.9011732208832202,-0.63884648766854,0.1731365534029353,0.1994738170780655,0.0850173776417778,-0.1254538241551188,-0.63884648766854,0.2094236096746825,0.2217495843178197,0.0628636822859493,-0.173193478642281,1.63884648766854,0.7905763903253175,0.7782504156821802,0.9371363177140508,1.173193478642281,NO-MOBILE_COMPUTING-ALL,2021-10-03
23,GB,MONITORS,ALL,2702,quantity,exponential_smoothing,26,0.1497928838100082,3910.99190081771,5396.757635464834,-0.0097470303670725,0.0299533040778903,0.1656539561185425,0.1196789891283623,0.0683058863288746,0.0561962403600465,0.0548688834588844,4582.323331208456,6686.177674135901,5353.499950103823,8994.262675694188,20875.57002577185,4582.323331208456,6801.365618457438,5788.007877337868,10697.507183282152,25401.063834915203,0.1656539561185425,0.1196789891283623,0.0513731027994876,0.0174523683343302,-0.018044579111696,0.1656539561185425,0.1019191059846024,0.0093411304009089,0.0204321412031092,0.0431529773073846,True,True,0.6460536624250833,0.5468694634131244,0.4531305365868756,0.8148506239822865,0.8528656527407055,0.9230272076111934,0.90739549086507,0.8738569166012958,0.8148506239822865,0.8579555399987786,0.9231643237123458,0.8989912387344603,0.8617001599101,0.1851493760177135,0.1420444600012214,0.0768356762876542,0.1010087612655397,0.1382998400899,GB-MONITORS-ALL,2021-10-03
24,NO,PTV_FLAT,ALL,2702,quantity,exponential_smoothing,26,0.1580922131393915,1151.0548227172164,1543.8723141697596,-0.0881077008692568,0.0966124031777696,0.0299974538330171,0.0405422770355703,0.0289123727305487,0.023310164080262,0.0459048262918228,156.55671155451637,515.6874893393156,558.5036375021657,912.9549116414604,6125.551885458344,156.55671155451637,698.4799805438049,780.7077776432967,1216.9327372411562,8509.960198910621,0.0299974538330171,-0.0209043310684835,-0.0020839985805552,0.00030340743441,-0.0340980405344867,0.0299974538330171,0.02251298643774,0.0034250311157991,0.0030183691694429,0.0507633155772673,True,True,0.3247574425069915,0.2780801457046417,0.7219198542953583,0.7659839887077483,0.749514273544959,0.925051931560558,0.9362957845933336,0.7117815111206718,0.7659839887077483,0.7337472338623368,0.9208456103848665,0.9306757556563278,0.6382449078295406,0.2340160112922517,0.2662527661376632,0.0791543896151336,0.0693242443436722,0.3617550921704594,NO-PTV_FLAT-ALL,2021-10-03
25,SE,MOBILE_COMPUTING,ALL,2702,quantity,exponential_smoothing,26,0.2713817814566837,2128.491396352385,2354.507790271092,-0.2713817814566837,0.247038288635068,0.2504502831743452,0.2044229736694088,0.1839121802133398,0.1721191306924209,0.1930147114742944,1981.5626404754196,3570.7128715747804,6236.365235653716,10333.728698320389,25053.982567600167,1981.5626404754196,3795.3858631319313,6918.489379556233,12046.858971508867,30029.974106308186,-0.2504502831743452,-0.2044229736694088,-0.1839121802133398,-0.1721191306924209,-0.1930147114742944,0.2504502831743452,0.1952436160196178,0.1646619422595786,0.1583754286325906,0.2012347562590817,True,True,-1.9010681644559664,-1.33232574816534,2.33232574816534,-0.3397989455547123,-1.0366250515184832,-3.4022696448627663,-6.240795185585353,-10.810631083105564,-0.3397989455547123,-1.1498171359506704,-3.414439165037151,-6.288462409836425,-9.545921054221834,1.3397989455547124,2.1498171359506704,4.414439165037151,7.288462409836425,10.545921054221834,SE-MOBILE_COMPUTING-ALL,2021-10-03
26,GB,INKJET_PRINTING_DEVICES,ALL,2703,quantity,exponential_smoothing,26,0.1911509621310199,6054.875770679895,7496.04486108388,-0.047826816115937,0.0563673648672507,0.0220552586535821,0.0391235594205936,0.0347504527305048,0.025746215555728,0.0405269313176908,672.2194274846806,3560.0501757557518,5285.785595277779,4885.5941376461615,21642.70059631423,672.2194274846806,4310.246201953962,6423.300626358452,5931.952446993285,30354.5722945462,0.0220552586535821,-0.0280959300938026,0.0001187384284773,0.0044343913698649,-0.0254304048637814,0.0220552586535821,0.0405883798054875,0.0115535770524859,0.0114094378421571,0.0395022057592527,True,True,0.343264322526042,0.3702825250242034,0.6297174749757966,0.9389053589547538,0.8262097169058674,0.8859392344333602,0.9355592652791352,0.8212665827592485,0.9389053589547538,0.8025228137197588,0.8823975233199044,0.9332247316149294,0.7729769828434322,0.0610946410452462,0.1974771862802412,0.1176024766800956,0.0667752683850706,0.2270230171565678,GB-INKJET_PRINTING_DEVICES-ALL,2021-10-10
27,DE,PTV_FLAT,ALL,2703,quantity,exponential_smoothing,26,0.0930041742605898,9685.775978905456,13127.407885447774,0.0197314731067458,0.0162960780130922,0.0484357664577033,0.0633482379427647,0.0526460030587362,0.0466082644918478,0.0304604381804231,5125.902545583536,17152.33791310556,28538.75715907101,38476.040939973056,37073.82863080257,5125.902545583536,18935.78015589063,34291.457814392656,45761.33755087607,42464.25199228664,0.0484357664577033,0.0633482379427647,0.0526460030587362,0.0466082644918478,0.0304604381804231,0.0484357664577033,0.064986992074647,0.0481370573693829,0.0398955337025997,0.0218790003144589,True,True,0.6903072849464238,0.6850357569761301,0.3149642430238699,0.9030863734701192,0.8554056083509071,0.8784031910145087,0.8860763786083875,0.9181609366745296,0.9030863734701192,0.8525170581634436,0.8746731881584069,0.8791766448432103,0.9123380137969886,0.0969136265298808,0.1474829418365564,0.1253268118415931,0.1208233551567896,0.0876619862030113,DE-PTV_FLAT-ALL,2021-10-10
28,DE,DIGITAL_CAMERAS,ALL,2703,quantity,exponential_smoothing,26,0.0936901029170208,1348.8612018810368,2534.124731805069,0.0198026330961103,0.0368509983932042,0.0593425575261735,0.0275964802923488,0.0495131570857478,0.0537925549425519,0.0502723338994137,660.3930158922667,630.9940155152944,4189.127579733925,6855.790465400608,9693.638853018345,660.3930158922667,704.3171757287148,6125.557042252548,8483.152370215066,10770.06473224199,-0.0593425575261735,-0.0275964802923488,0.0148465509657213,0.0324592588686894,0.0396056858624825,0.0593425575261735,0.0219396665769007,0.0478181949686523,0.0554098530443963,0.0491798234421094,True,True,0.6497710180893986,0.6066875079460188,0.3933124920539812,0.7566121739937433,0.9111909417654932,0.8295274365569654,0.8395786552341663,0.8457787386304867,0.7566121739937433,0.9117682061980872,0.8131591703285994,0.8350756102408995,0.8442552271174276,0.2433878260062567,0.0882317938019129,0.1868408296714006,0.1649243897591005,0.1557447728825723,DE-DIGITAL_CAMERAS-ALL,2021-10-10
29,GB,POINTING_DEV,ALL,2703,quantity,exponential_smoothing,26,0.1420285335310108,7261.268189395125,11111.77708376902,0.076556132806388,0.0355043891416726,0.0209847041231707,0.010846237195775,0.0337280351412309,0.0480310896171902,0.0427137073591775,1015.5400667479626,1021.633629705253,13245.951498744842,27728.638028992227,35151.7252387312,1015.5400667479626,1067.5711854918866,21116.01438457885,35691.0387647542,40442.18730876289,-0.0209847041231707,-0.010846237195775,-0.0301024429237983,-0.0457999559449239,-0.0320273486402503,0.0209847041231707,0.0085091574414894,0.0472329474422652,0.0616728977663817,0.026547214265701,True,True,0.1310503027639601,-0.1138976436790673,1.1138976436790673,0.8874710442731655,0.9545519608684064,0.5548270094478249,0.2169168468352931,0.5646933767301744,0.8874710442731655,0.9564136201523664,0.3311504365949634,0.0755085666583863,0.5785923276354596,0.1125289557268345,0.0435863798476335,0.6688495634050365,0.9244914333416137,0.4214076723645403,GB-POINTING_DEV-ALL,2021-10-10
30,DK,MEDIATABLETS,ALL,2703,quantity,exponential_smoothing,26,5.757273615818536e+41,2.8099377714970554e+45,6.895285678705749e+45,5.757273615818536e+41,5.30479134041696e+41,2.2880582295333105e+37,4.134333234033085e+37,1.4022271738048512e+38,4.8756601911613266e+38,5.703677124432724e+40,1.0749297562347493e+41,5.543256487540545e+41,4.873077173555249e+42,3.1210355961115053e+43,7.355483629459474e+45,1.0749297562347493e+41,6.836790196612512e+41,7.754424948412107e+42,5.225224535630623e+43,1.835933207459801e+46,2.2880582295333105e+37,4.134333234033085e+37,1.4022271738048512e+38,4.8756601911613266e+38,5.703677124432724e+40,2.2880582295333105e+37,4.794271432930913e+37,2.113588820040499e+38,7.811000837334352e+38,9.847106440460864e+40,True,True,-2.2756430425305936e+42,-4.292857153425815e+42,4.292857153425815e+42,-1.9980106993210958e+38,-2.5927298819179346e+38,-7.221580184397454e+38,-3.343617651133912e+39,-5.67343127215717e+41,-1.9980106993210958e+38,-2.8510420418364756e+38,-8.982813918329345e+38,-4.8483893772693067e+39,-1.298754006479824e+42,1.9980106993210958e+38,2.8510420418364756e+38,8.982813918329345e+38,4.8483893772693067e+39,1.298754006479824e+42,DK-MEDIATABLETS-ALL,2021-10-10
31,CH,MOBILE_COMPUTING,ALL,2703,quantity,exponential_smoothing,26,0.1402429052393031,1407.62573675452,1879.3611214840848,0.0225528423819919,0.0077800266075715,0.2640872992253485,0.1327822765382661,0.1175940766337398,0.0913727597438854,0.0527864989182826,2036.641251625888,2141.5111113907,4699.309604705138,5377.002843411489,4258.624916379761,2036.641251625888,2172.815350395512,5376.1373344499725,5968.126284377056,4906.520533871634,0.2640872992253485,0.1327822765382661,0.1175940766337398,0.0913727597438854,0.0527717436034637,0.2640872992253485,0.0949373943506978,0.0956694725461847,0.0648925638114134,0.0271179756724385,True,True,0.3052623874218433,0.2504180473790718,0.7495819526209282,0.3365989408384729,0.5895060322766196,0.437493894002279,0.4851058324895495,0.6592424112433182,0.3365989408384729,0.597366259164544,0.4171861097860929,0.4726360296988637,0.6295492621660914,0.663401059161527,0.402633740835456,0.5828138902139071,0.5273639703011362,0.3704507378339086,CH-MOBILE_COMPUTING-ALL,2021-10-10
32,SE,MEDIATABLETS,ALL,2703,quantity,exponential_smoothing,26,0.1044797289757576,1048.5375252039462,1748.8254517603384,0.0016796372916664,0.0239612001115095,0.0686642547701517,0.0217948609836973,0.055083186878038,0.0667999723126033,0.0530240928716408,421.18653876011103,198.70758028412752,2897.998734595596,5352.915489273616,6060.50649027552,421.18653876011103,252.82207299330048,4466.483664390815,6847.808154188645,6824.562892198598,0.0686642547701517,0.0150690862058308,0.0464976053060827,0.0615165374990923,0.0503823754648853,0.0686642547701517,0.0041054990047123,0.0717774965927953,0.0787503552832245,0.0491427526983922,True,True,0.1264986973629416,0.2086382883537241,0.7913617116462759,0.4308290016755256,0.7813998016676265,0.4434551245465403,0.4320514069736216,0.5621824344490962,0.4308290016755256,0.7334031801180965,0.4304269829079442,0.4186710694343767,0.5569733957470603,0.5691709983244744,0.2665968198819035,0.5695730170920558,0.5813289305656233,0.4430266042529397,SE-MEDIATABLETS-ALL,2021-10-10
33,SE,PTV_FLAT,ALL,2703,quantity,exponential_smoothing,26,0.6419103305213121,8150.699445904343,10452.40765865594,0.5910890924996525,0.4678048041974768,0.184324488722299,0.2199644859940376,0.1618315049686867,0.1842035070464456,0.2651294630663391,3154.160651015982,9476.549426226396,12341.193368409062,27947.49473732454,74281.44898065412,3154.160651015982,10179.947390731855,13305.308006818812,35465.60986984784,92954.4605853174,-0.184324488722299,-0.2199644859940376,-0.0876585899278327,0.0306711409562798,0.1883632800212562,0.184324488722299,0.219816159963499,0.0015050926384673,0.1363801921397807,0.2874694147018258,True,True,-2.0473967400772883,-1.885422867510968,2.885422867510968,0.1764593600480465,0.0630265546543012,-0.5644041664914039,-1.974208647837348,-3.503351766559315,0.1764593600480465,0.0560722371591562,-0.4228430098092535,-2.357726763156621,-3.968177891109139,0.8235406399519535,0.9439277628408438,1.4228430098092535,3.357726763156621,4.968177891109139,SE-PTV_FLAT-ALL,2021-10-10
34,DK,PTV_FLAT,ALL,2703,quantity,exponential_smoothing,26,0.1349706572278427,1041.1049065085772,1428.010996875675,-0.0577489483633895,0.0707108608329597,0.1167494720263176,0.0839683344961542,0.0512879209021474,0.0418674217708146,0.0566508374184424,824.7182703939079,1384.316041742545,1182.1693505054795,1833.4667487384263,6877.071131552631,824.7182703939079,1529.01173327045,1308.0239471308455,2504.777570466383,8766.20724710419,-0.1167494720263176,-0.0839683344961542,-0.0406836839052501,-0.0340344256354266,-0.0527343393507485,0.1167494720263176,0.0802478792929217,0.0203225272058089,0.023877033545134,0.0589291870477589,True,True,0.6455441804807966,0.5629326891845654,0.4370673108154346,0.6639289851695567,0.7887024281855232,0.9200413026594648,0.9191683615197066,0.8231819936094044,0.6639289851695567,0.7860608830556003,0.92464334152255,0.9029234072938576,0.7997196766636353,0.3360710148304433,0.2139391169443997,0.0753566584774498,0.0970765927061424,0.2002803233363647,DK-PTV_FLAT-ALL,2021-10-10
35,NO,MOBILE_COMPUTING,ALL,2703,quantity,exponential_smoothing,26,0.1313895725627239,641.9734877012495,772.190745661586,-0.0064708200304221,0.0213847070995777,0.3013463344559582,0.196032612822356,0.1111966994966463,0.0759075575981127,0.05672004923584,2003.049085128754,2282.912048493553,1617.2247391035175,1522.067008698781,2816.247120857747,2003.049085128754,2292.712139563061,1765.640277176243,1679.2731657362526,3176.5952370406,-0.3013463344559582,-0.196032612822356,-0.1111966994966463,-0.0759075575981127,-0.05672004923584,0.3013463344559582,0.1730363669674683,0.0604044984864937,0.0358757424462898,0.0365180368002547,True,True,0.1430685552812154,0.2209448714748872,0.7790551285251127,-0.2782699968913555,-1.0460784660484452,0.3344411794419394,0.6115346491070333,0.4564278863428398,-0.2782699968913555,-0.9398437738351472,0.401180026625373,0.6308803812843518,0.4328053163000267,1.2782699968913556,1.939843773835147,0.598819973374627,0.3691196187156482,0.5671946836999733,NO-MOBILE_COMPUTING-ALL,2021-10-10
36,GB,MONITORS,ALL,2703,quantity,exponential_smoothing,26,0.1275833183175343,3055.286205442872,5698.246315481629,0.0598495831773917,0.0364766382167622,0.2219324840290926,0.1300109588663755,0.0775300512908526,0.0510737014182788,0.0361442717671289,5205.541754384783,6390.975155661451,6071.5491813163135,4977.338894313719,9762.975812257902,5205.541754384783,6760.1278285975495,6288.2662922492445,5450.719843912047,14177.174948669965,0.2219324840290926,0.1300109588663755,0.0775300512908526,0.0506860010499162,0.0312815055667698,0.2219324840290926,0.0948892989995614,0.0397996572026675,0.0194896173729117,0.016063960951089,True,True,0.7031288466683908,0.4782229150143944,0.5217770849856056,0.654527310412613,0.8038622312885304,0.8943735142066225,0.9403408015596562,0.935358867783144,0.654527310412613,0.8065707218259933,0.902159540242616,0.9412557028015948,0.9166167080822948,0.3454726895873869,0.1934292781740066,0.0978404597573839,0.0587442971984052,0.0833832919177053,GB-MONITORS-ALL,2021-10-10
37,NO,PTV_FLAT,ALL,2703,quantity,exponential_smoothing,26,0.1482816443086754,1079.9556025201482,1432.3836117316723,-0.0680876053896224,0.0820873344385946,0.1957079807438171,0.0684792776442447,0.0404074092191294,0.0319872272776811,0.0508141739936729,1507.5385756696232,704.7083975462419,617.4664283272882,1193.3645668253937,6299.779685781541,1507.5385756696232,878.6908827769281,800.9183185423032,1967.6888264190095,8421.410617211402,-0.1957079807438171,-0.052016033706128,-0.0207368299571711,-0.0176287881023705,-0.0436349544060177,0.1957079807438171,0.0224680641278248,0.0008104973084534,0.0091583643354791,0.0533882742605028,True,True,0.3703730005936888,0.3314584200431616,0.6685415799568384,-4.688824813847635,0.7600992689204282,0.9355597549230548,0.9235832851329698,0.709616545999695,-4.688824813847635,0.7523267558387756,0.9340548977720828,0.8928176083007037,0.6429467310451851,5.688824813847635,0.2476732441612243,0.0659451022279171,0.1071823916992963,0.3570532689548149,NO-PTV_FLAT-ALL,2021-10-10
38,SE,MOBILE_COMPUTING,ALL,2703,quantity,exponential_smoothing,26,0.0794758249817149,664.5894545775178,936.5756129539448,0.0384033638160919,0.0241834456179857,0.0111861593864073,0.0191038037308736,0.0146597253320458,0.0139433121158942,0.0147310717104089,76.27842085591146,357.67420115325194,423.6879043348383,833.8504776467712,1891.3506066558064,76.27842085591146,406.9443094612844,517.3548029177309,1088.8331408079732,2583.873368045312,-0.0111861593864073,-0.0191038037308736,-0.0116637754762634,-0.0087640905947291,-0.0012092377593161,0.0111861593864073,0.0207651316363518,0.0051668925611956,0.0055799589636826,0.0046870039760006,True,True,0.0258582805831851,0.0318017708867878,0.9681982291132122,0.5432429888867577,0.0050787172371294,0.5684909949486052,0.4332885712354651,0.3727983805284045,0.5432429888867577,-0.0606827366574989,0.6074677809348656,0.4488922316943637,0.3434496011419309,0.4567570111132423,1.060682736657499,0.3925322190651343,0.5511077683056362,0.6565503988580691,SE-MOBILE_COMPUTING-ALL,2021-10-10
39,GB,INKJET_PRINTING_DEVICES,ALL,2704,quantity,exponential_smoothing,26,0.2199401439097171,6972.300076410901,9032.930813389368,0.000719777424435,0.0076972432722643,0.1034732922864686,0.0955585381263736,0.121150229112348,0.1111445421445825,0.0655296261386184,3305.63933233785,7656.215758657378,20066.461609282152,26096.74683330427,19201.043272842773,3305.63933233785,8373.628509874356,23745.68771106896,29069.530828369458,23295.802321672614,-0.1034732922864686,-0.0471273148285232,0.0498073026348996,0.067241202773845,0.0303765289685625,0.1034732922864686,0.0161573777036831,0.1009341250045037,0.0972200414744897,0.019425365828666,True,True,0.2447012237034379,0.2418614461222111,0.7581385538777888,0.3643216029167759,0.5863576402599426,0.5679375070329793,0.6610456714840443,0.8367516440840618,0.3643216029167759,0.614840456922439,0.5715032264047666,0.6803944197211234,0.82031744305086,0.635678397083224,0.3851595430775609,0.4284967735952334,0.3196055802788766,0.17968255694914,GB-INKJET_PRINTING_DEVICES-ALL,2021-10-17
40,DE,PTV_FLAT,ALL,2704,quantity,exponential_smoothing,26,0.1672438775437315,18592.176340228216,22370.036097236163,-0.0331574946249587,0.0009207855848169,0.2984198358875361,0.25899630404869,0.223156093951071,0.1860024423585113,0.114109002258194,30462.42033516566,66185.05421603168,128080.79011741935,153155.08027182918,123273.25110747563,30462.42033516566,70524.70060793984,146343.12228931132,166656.3600210602,139518.33320754414,0.2984198358875361,0.25899630404869,0.223156093951071,0.1860024423585113,0.114109002258194,0.2984198358875361,0.2411692442373538,0.2000564618249386,0.1538654069466089,0.0725393211154894,True,True,0.3742996967056377,0.4468289107099505,0.5531710892900494,0.3063674399115219,0.3726261211459519,0.472986797361057,0.5183537075189015,0.7087671927280377,0.3063674399115219,0.382839709554462,0.4914907288549375,0.5282382836178476,0.6907059525846879,0.6936325600884781,0.617160290445538,0.5085092711450625,0.4717617163821523,0.3092940474153121,DE-PTV_FLAT-ALL,2021-10-17
41,DE,DIGITAL_CAMERAS,ALL,2704,quantity,exponential_smoothing,26,0.7431853445502041,8426.726924405399,9775.72440553262,0.7431853445502041,0.6860746101296996,0.2650409843964013,0.2621572702298077,0.3787242951920356,0.4303358717392191,0.5177373096434343,2940.2943259416297,7551.9987067694365,32565.29268500976,56754.85347159466,109839.90374104562,2940.2943259416297,8085.430113795243,42553.12367644534,68173.91882977285,126994.32920358576,0.2650409843964013,0.2621572702298077,0.3787242951920356,0.4303358717392191,0.5177373096434343,0.2650409843964013,0.2477208833179194,0.4460073108247757,0.487505125610186,0.5734398165422885,True,True,-1.2023777165981313,-0.5194556405192909,1.519455640519291,-0.2691755591050295,-0.0143365592615751,-0.0675208805848521,-0.2448150595691014,-0.7265411251120097,-0.2691755591050295,0.0323829648862543,-0.0819743410671516,-0.2827607755143104,-0.8402099497083766,1.2691755591050295,0.9676170351137456,1.0819743410671516,1.2827607755143104,1.8402099497083768,DE-DIGITAL_CAMERAS-ALL,2021-10-17
42,GB,POINTING_DEV,ALL,2704,quantity,exponential_smoothing,26,0.1994449211057012,9532.89615492444,13741.67989144358,0.117101169343575,0.0610829397417455,0.0192651033914482,0.0222829596489815,0.0628406763545469,0.0703134933894036,0.0591974337487358,904.8664942136091,3173.9166163720765,24511.606371670958,38086.66087013223,46698.96508202492,904.8664942136091,4115.364971168736,33365.519183727934,45445.48650209104,52627.94542853795,-0.0192651033914482,-0.0222829596489815,-0.0628406763545469,-0.0703134933894036,-0.0425631723743755,0.0192651033914482,0.025730250764841,0.086912671902443,0.0832355460056863,0.0291741822085794,True,True,-0.1263799963009326,-0.3623695369578994,1.3623695369578994,0.8997022219275966,0.85645852456507,-0.0275062121505527,-0.1959127422157083,0.4044194799562081,0.8997022219275966,0.8284378807675633,-0.3408038416557932,-0.2505327070443757,0.4450979117800886,0.1002977780724033,0.1715621192324367,1.3408038416557932,1.2505327070443757,0.5549020882199114,GB-POINTING_DEV-ALL,2021-10-17
43,DK,MEDIATABLETS,ALL,2704,quantity,exponential_smoothing,26,7.694444189025999e+32,3.675187398713269e+36,8.156868433740818e+36,7.694444189025999e+32,6.940838623128774e+32,3.66963970116195e+29,5.090269706899552e+29,1.240492003539636e+30,2.8063221290659564e+30,9.121779533245435e+31,1.6120727207204448e+33,6.467025400561548e+33,4.344144823133899e+34,1.700997265078256e+35,1.1475295626875445e+37,1.6120727207204448e+33,7.729092440559406e+33,6.4029590517490505e+34,2.589606685382862e+35,2.5629582530750097e+37,3.66963970116195e+29,5.090269706899552e+29,1.240492003539636e+30,2.8063221290659564e+30,9.121779533245435e+31,3.66963970116195e+29,5.653488417310559e+29,1.75089469313365e+30,4.123610509231627e+30,1.5240666388377528e+32,True,True,-2.9625284027513983e+33,-5.071344627943605e+33,5.071344627943605e+33,-1.1564366719658856e+30,-2.249595756348047e+30,-5.396453196439627e+30,-1.7378462904602062e+31,-8.626619854412706e+32,-1.1564366719658856e+30,-2.415424448803548e+30,-6.581934080962965e+30,-2.372110245121995e+31,-1.7852919855650458e+33,1.1564366719658856e+30,2.415424448803548e+30,6.581934080962965e+30,2.372110245121995e+31,1.7852919855650458e+33,DK-MEDIATABLETS-ALL,2021-10-17
44,CH,MOBILE_COMPUTING,ALL,2704,quantity,exponential_smoothing,26,0.1442975711225351,1520.1867138298487,1946.9100567995051,-0.0370101381906748,0.0439255887008762,0.0097878327078176,0.0159728117618931,0.0171526523600312,0.0216808831460259,0.0346769458767954,100.69790804631702,416.6286521242564,1021.392207495108,2195.373447683744,6610.762523040385,100.69790804631702,705.4729568646804,1395.950483430444,2806.96480317186,8194.190743097543,0.0097878327078176,-0.0085851847907295,0.0048736540837198,-0.0081262330267945,-0.0278996208171797,0.0097878327078176,0.0131140967492607,0.0120387069571794,0.0132597398754234,0.038059656315442,True,True,0.235338354320319,0.2110740952931381,0.7889259047068619,0.946292443959872,0.8649557750451946,0.8559186926792579,0.7338920256283605,0.346818445840699,0.946292443959872,0.7773139222724557,0.8322844161637684,0.6925918637410466,0.2538761627665986,0.0537075560401278,0.2226860777275443,0.1677155838362316,0.3074081362589533,0.7461238372334014,CH-MOBILE_COMPUTING-ALL,2021-10-17
45,SE,MEDIATABLETS,ALL,2704,quantity,exponential_smoothing,26,0.1032101100791339,994.597779828894,1600.6971651085212,-0.0316101428877703,0.0104655965870278,0.0602608008299497,0.0385865364225244,0.0716314556499867,0.0616815793540739,0.0358567802282101,413.4493544942852,491.548544828946,3599.514909439892,4139.138788913695,2916.449184395722,413.4493544942852,538.6760514044842,4790.163653175199,5085.309324209603,3825.3063273129615,-0.0602608008299497,-0.0385865364225244,0.0330449192274623,0.0379360184786742,0.0219976656441906,0.0602608008299497,0.0287943614802265,0.0751208700050683,0.0547942550854177,0.0188673738637464,True,True,0.1576147542005588,0.2742500937359933,0.7257499062640067,-8.396576238506482,-1.0417385039623923,0.4544226279244588,0.5821551654730422,0.7886760600122379,-8.396576238506482,-0.5481226379529931,0.4901645919725031,0.5753060878114562,0.7473582385050328,9.396576238506482,1.548122637952993,0.5098354080274968,0.4246939121885438,0.2526417614949672,SE-MEDIATABLETS-ALL,2021-10-17
46,SE,PTV_FLAT,ALL,2704,quantity,exponential_smoothing,26,3.8493497117986846e+217,3.961372054012298e+221,inf,3.8493497117986846e+217,2.616819830847752e+217,2.5463364505210457e+211,5.817102051904668e+211,1.7395978994798038e+212,1.6112386593566794e+213,2.19296625287768e+216,5.238577979656948e+215,3.114334445306049e+216,2.53542355661722e+217,3.9691725974523996e+218,8.362662826847031e+221,inf,inf,inf,inf,inf,2.5463364505210457e+211,5.817102051904668e+211,1.7395978994798038e+212,1.6112386593566794e+213,2.19296625287768e+216,2.5463364505210457e+211,6.95765744992834e+211,2.531272270094265e+212,2.590885361026146e+213,3.4362190346948684e+216,True,True,-1.5480918009826176e+218,-inf,inf,-7.37101165000274e+211,-3.523301688837909e+212,-3.56092562506588e+213,-3.5810923718062014e+214,-4.214814875443624e+217,-inf,-inf,-inf,-inf,-inf,inf,inf,inf,inf,inf,SE-PTV_FLAT-ALL,2021-10-17
47,DK,PTV_FLAT,ALL,2704,quantity,exponential_smoothing,26,1.3100257671615454,9821.58648076604,11281.837903285095,1.2929122882785369,1.2626674308572174,0.3009464168169923,0.5016594895757847,0.7193098561092973,0.9592135960448006,1.172032503240874,2049.144152106901,10235.54530832573,35127.73905110364,73812.26600893725,150684.4613541421,2049.144152106901,13180.600774580937,45206.5961832659,92236.9910924144,174505.7070236948,0.3009464168169923,0.5016594895757847,0.7193098561092973,0.9592135960448006,1.172032503240874,0.3009464168169923,0.5912740632156277,0.8786108164153885,1.1643302126074582,1.3194475393641183,True,True,-2.3743128584253945,-2.471226076155106,3.471226076155106,0.3377038939538135,-0.3757915666958877,-1.1756479008479652,-2.208338347937476,-2.835287456163255,0.3377038939538135,-0.5795772777608366,-1.4122886867671012,-2.5882630677214613,-2.959883256457542,0.6622961060461865,1.5795772777608366,2.412288686767101,3.5882630677214613,3.959883256457542,DK-PTV_FLAT-ALL,2021-10-17
48,NO,MOBILE_COMPUTING,ALL,2704,quantity,exponential_smoothing,26,0.1439508122674218,677.6791329964516,855.8227958418614,0.1243215827246989,0.1103612559241529,0.0747537928448085,0.0868145884298749,0.1110329677828046,0.113941917591254,0.1060565695117624,333.77568505207,1137.2178089207116,3398.7350514886657,5076.597711964233,7953.916906977452,333.77568505207,1527.9931029200663,4231.902131839113,5850.460324984874,8845.704674931485,0.0747537928448085,0.0868145884298749,0.1110329677828046,0.113941917591254,0.1060565695117624,0.0747537928448085,0.1011399687762995,0.1286796454877179,0.12157521890567,0.1052005862191579,True,True,0.0422017037449586,0.0964067584034267,0.9035932415965732,0.0036546714863582,0.0580096840582219,0.1121961597365204,0.0701284959698049,-0.1752241292815384,0.0036546714863582,0.0599009262859305,0.1067277139905973,0.0626817366820061,-0.2218168625863088,0.9963453285136418,0.9400990737140694,0.8932722860094027,0.9373182633179938,1.2218168625863088,NO-MOBILE_COMPUTING-ALL,2021-10-17
49,GB,MONITORS,ALL,2704,quantity,exponential_smoothing,26,0.2058417287610886,4758.365214132326,8358.356980207229,0.1870135404201077,0.1380996587605306,0.0282061710271343,0.0352703692313589,0.0206198925361383,0.0131911497942211,0.0418947687072807,743.6842357165697,2869.91359872705,2094.2587269324254,1478.6324341533812,25143.73628165725,743.6842357165697,3393.1230008475814,2686.400041053035,2135.993533522845,44215.037157923696,0.0282061710271343,-0.0070942409520781,-0.0065318283964979,-0.0037453487880414,0.0334265194161494,0.0282061710271343,0.0221253128137548,0.0090408609980781,0.0032376254369602,0.0540120408133059,True,True,0.5221983881389097,0.2106179469986044,0.7893820530013955,0.9356708393345684,0.8993650615185728,0.961316045671326,0.9812598193070132,0.8276935013757932,0.9356708393345684,0.889951717737238,0.955985307700755,0.9757625403160276,0.7317215015321715,0.0643291606654316,0.1100482822627619,0.044014692299245,0.0242374596839723,0.2682784984678285,GB-MONITORS-ALL,2021-10-17
50,NO,PTV_FLAT,ALL,2704,quantity,exponential_smoothing,26,0.1714770296200981,1159.9050790533352,1386.8601326718262,0.0843257565090844,0.0590883005595889,0.2892822420843151,0.2557955760131618,0.1962603344206308,0.1626036849859481,0.1109717328238761,1491.828522428813,3357.133653433304,6208.826730976925,7972.232660447576,8709.038860598443,1491.828522428813,3667.001429465903,6957.829613077929,8706.500308827253,9144.341328821436,0.2892822420843151,0.2557955760131618,0.1962603344206308,0.1626036849859481,0.1109717328238761,0.2892822420843151,0.238733748399673,0.1542977747094423,0.1241587394556544,0.0778622719254863,True,True,0.3248515255801308,0.3528232605003493,0.6471767394996507,0.3731812930971374,0.4047899200508303,0.5160554785524187,0.553133679197416,0.6222103776385133,0.3731812930971374,0.4242721267763131,0.5381776262885858,0.5632144217019439,0.6267076237517588,0.6268187069028626,0.5757278732236869,0.4618223737114142,0.4367855782980561,0.3732923762482412,NO-PTV_FLAT-ALL,2021-10-17
51,SE,MOBILE_COMPUTING,ALL,2704,quantity,exponential_smoothing,26,0.0701633728776093,611.0697769325383,913.8770943992308,0.0224947750655135,0.0104295586503779,0.0288247884653496,0.0286553087169364,0.0157577687278117,0.0173804964691405,0.0147792050169018,207.0484555466064,523.0360744573854,357.40698435643526,1134.313488403186,1650.4466748467592,207.0484555466064,591.9533648618537,440.9661287054688,1580.695660689921,1994.4814703435104,-0.0288247884653496,-0.0286553087169364,-0.0128975399891246,-0.0130726272930886,-0.0068422820823139,0.0288247884653496,0.0288874447397207,0.0038504625404509,0.0109675294130436,0.0023245084958203,True,True,0.1015204320394732,0.054968612109948,0.945031387890052,0.0588706566063346,-1.0058909854549776,0.7478387975261062,0.2883855154308745,0.5129159973891221,0.0588706566063346,-1.1812986128618967,0.7725367142743618,0.2479854152379336,0.5346829707382793,0.9411293433936654,2.1812986128618967,0.2274632857256382,0.7520145847620664,0.4653170292617207,SE-MOBILE_COMPUTING-ALL,2021-10-17
52,GB,INKJET_PRINTING_DEVICES,ALL,2705,quantity,exponential_smoothing,26,1.9364878871719056,53629.30476623437,68310.85743952946,1.9364878871719056,1.6985085853418262,0.0685331717165545,0.1910401957715324,0.3032463587310001,0.4275382059832236,0.7717940508076109,2266.2986122199945,20708.278446291995,58452.88970894481,128575.37992730836,451573.5291707466,2266.2986122199945,28239.353973177174,72237.48753576455,163667.4925138756,610174.6568777438,0.0685331717165545,0.1910401957715324,0.3032463587310001,0.4275382059832236,0.7717940508076109,0.0685331717165545,0.2450896019957303,0.371703738533002,0.5304487413444453,0.9971966063108164,True,True,-4.718797513265796,-4.691770226887015,5.691770226887015,0.7052631859664986,0.2099297156365169,-0.1319777653355884,-0.5448193156869554,-2.76006677173963,0.7052631859664986,0.0946878966918132,-0.2246533755923487,-0.706365561572109,-3.659874119553925,0.2947368140335014,0.9053121033081868,1.2246533755923488,1.706365561572109,4.659874119553925,GB-INKJET_PRINTING_DEVICES-ALL,2021-10-24
53,DE,PTV_FLAT,ALL,2705,quantity,exponential_smoothing,26,0.2610598547213346,25298.3487166994,28022.38497885036,-0.2000863409798593,0.1511538857469265,0.2034112128363924,0.1359547817457411,0.1122012799895007,0.0790472748973899,0.0908212049813394,21189.42971041304,37055.41956937149,64339.07086844145,55667.08984435351,154786.60165163752,21189.42971041304,39271.98626139528,71789.99402734956,63796.4671168575,199131.45998918024,0.2034112128363924,0.1359547817457411,0.1122012799895007,0.0641810374059009,-0.0192070488296939,0.2034112128363924,0.1100542070793974,0.0930049158438302,0.0295402783804084,0.0654559492325469,True,True,0.0983354399134842,0.2907905590709154,0.7092094409290846,0.5068172137541723,0.681451465769593,0.7439310602934972,0.8174408649477104,0.6138733528881475,0.5068172137541723,0.7048979678483343,0.753986864818323,0.8086660716485236,0.5309744346067076,0.4931827862458277,0.2951020321516657,0.246013135181677,0.1913339283514764,0.4690255653932924,DE-PTV_FLAT-ALL,2021-10-24
54,DE,DIGITAL_CAMERAS,ALL,2705,quantity,exponential_smoothing,26,0.2322105837093655,3403.586403361837,5442.13543052258,-0.0554649198036042,0.0538571352333328,0.018134164608549,0.1234253533844208,0.2241713069410927,0.2307700614108285,0.1764063874133214,214.13421954218572,6672.1312785111695,24032.02080447836,31744.344713631668,31289.83228115381,214.13421954218572,11042.078160272187,30872.526279337628,36540.44246043067,34220.17166017032,-0.018134164608549,0.0831505759607742,0.2040339182292694,0.2183778222035526,0.1702102678096834,0.018134164608549,0.1622084421055367,0.2898207281245614,0.2603115791878546,0.1616992760151056,True,True,0.0953911989252694,0.1521761983592675,0.8478238016407325,0.9341571776161712,0.5130153814495211,0.3335199557660588,0.3483905738567052,0.5164941124285389,0.9341571776161712,0.396376777553987,0.2928903256065708,0.333247030540528,0.504829549545357,0.0658428223838287,0.603623222446013,0.7071096743934292,0.6667529694594719,0.495170450454643,DE-DIGITAL_CAMERAS-ALL,2021-10-24
55,GB,POINTING_DEV,ALL,2705,quantity,exponential_smoothing,26,0.2118665450213927,9973.500422480136,14025.784097248134,0.1434378555348397,0.082810236681094,0.0009847219368986,0.0365871145541705,0.0734839718239147,0.0744760005324715,0.0620155726005356,47.06005830877257,8212.889685887129,29655.6573195812,39851.22742572839,49495.64920098295,47.06005830877257,13469.610931722416,37519.637539244046,45663.40225209383,56162.70869938693,-0.0009847219368986,-0.0365871145541705,-0.0734839718239147,-0.0744760005324715,-0.0345336725196771,0.0009847219368986,0.0570172231808022,0.0967246138890896,0.0835340122001321,0.0152740776867279,True,True,-0.1889551762275343,-0.398843531637588,1.398843531637588,0.9954727307587666,0.5538107407456656,-0.8120417184765618,-0.4297410553470313,0.3486962077597801,0.9954727307587666,0.300608883469489,-1.2070903694705557,-0.3415248452284887,0.4011904352674776,0.0045272692412333,0.699391116530511,2.2070903694705555,1.3415248452284887,0.5988095647325223,GB-POINTING_DEV-ALL,2021-10-24
56,DK,MEDIATABLETS,ALL,2705,quantity,exponential_smoothing,26,6.449318104303621e+93,3.3043936977205153e+97,1.2468801928003113e+98,6.449318104303621e+93,6.199590573041185e+93,8.125883164008135e+82,5.732441954823167e+83,8.850895529295436e+84,6.735078608294363e+86,3.4786713137522503e+92,3.952429570973557e+86,1.1229642679882454e+88,4.1440541924605137e+89,5.0794147431750554e+91,4.7348390935116865e+97,3.952429570973557e+86,1.8944665851281084e+88,7.56932647951744e+89,1.3066160551736715e+92,1.7620791225690772e+98,8.125883164008135e+82,5.732441954823167e+83,8.850895529295436e+84,6.735078608294363e+86,3.4786713137522503e+92,8.125883164008135e+82,8.824259769864512e+83,1.5358765801659047e+85,1.1852283794976327e+87,6.211177443406604e+92,True,True,-2.778912106504081e+94,-7.866468614666128e+94,7.866468614666128e+94,-6.405882610978211e+83,-3.13403598252432e+84,-5.065887388116914e+85,-5.402439040578244e+87,-3.7188101104354023e+93,-6.405882610978211e+83,-4.0530743597140505e+84,-7.860714426881217e+85,-1.262889389981678e+88,-1.2830781855113457e+94,6.405882610978211e+83,4.0530743597140505e+84,7.860714426881217e+85,1.262889389981678e+88,1.2830781855113457e+94,DK-MEDIATABLETS-ALL,2021-10-24
57,CH,MOBILE_COMPUTING,ALL,2705,quantity,exponential_smoothing,26,0.1508625602392425,1557.4168337421147,1945.29284953796,-0.0438025354510794,0.0516010123041627,0.0150106054585866,0.0284647745986143,0.0234046850622891,0.0291509437809788,0.0411056396227253,137.8884724849595,573.5242585682545,1182.930153744523,2829.019994889272,7478.473574860196,137.8884724849595,886.5164562957324,1726.2629780978957,3719.575834945793,9067.324293507503,-0.0150106054585866,-0.0251257576724227,-0.0121514556008525,-0.0222258794970178,-0.0376431074807448,0.0150106054585866,0.014598681431271,0.0043726075049416,0.0250020306955211,0.0447382724039992,True,True,0.1956121130741042,0.203540733299538,0.796459266700462,0.9121690314313636,0.7904635697621746,0.8046870602293208,0.5972405692304887,0.1546838682844911,0.9121690314313636,0.7363791415644051,0.7603544525583638,0.5254376312991014,0.0724774714478864,0.0878309685686364,0.2636208584355949,0.2396455474416362,0.4745623687008986,0.9275225285521136,CH-MOBILE_COMPUTING-ALL,2021-10-24
58,SE,MEDIATABLETS,ALL,2705,quantity,exponential_smoothing,26,0.0995161438278692,1005.4381940703248,1708.074927321179,-0.0015780882219789,0.0207721967601152,0.0377578261079098,0.056013721538577,0.0943614284893783,0.0842264268275606,0.06104688099039,253.4682866623989,1855.896166145155,5660.562178195718,6488.489749917335,6494.033951733693,253.4682866623989,3412.594536302173,7239.173590123401,7498.918220421864,7049.422152144586,-0.0377578261079098,0.0311530864333525,0.081931110936766,0.0765770006413377,0.0572221678972786,0.0377578261079098,0.0783118237374257,0.120575598273941,0.0874954643089174,0.0513672857818742,True,True,0.1750120539707627,0.2288059644884316,0.7711940355115684,-4.280589305466644,0.2580866815330183,0.3435316832569983,0.4159532574300298,0.5489856671526175,-4.280589305466644,0.2473522594762071,0.3425150307796545,0.4113929632040257,0.5435654039470148,5.280589305466644,0.7526477405237929,0.6574849692203455,0.5886070367959743,0.4564345960529852,SE-MEDIATABLETS-ALL,2021-10-24
59,SE,PTV_FLAT,ALL,2705,quantity,exponential_smoothing,26,4.726884965829216,54436.37339059032,64093.48520429517,4.726884965829216,3.694406776615676,0.3027639816834677,0.5851244686012126,0.9135803947679376,1.1769144464874322,1.8892604088020584,4448.208418893508,41206.964472797845,115763.96437567096,214937.78801915963,538362.2235754033,4448.208418893508,60951.53480678553,145814.02441333074,259673.241924953,669709.7969421163,0.3027639816834677,0.5851244686012126,0.9135803947679376,1.1769144464874322,1.8892604088020584,0.3027639816834677,0.7831306528209859,1.1380873038761183,1.4116675605179847,2.266502381798391,True,True,-22.244790481756333,-18.572046085166267,19.572046085166267,-0.70429441336916,-11.803158139753874,-10.429385960648258,-12.6759656423401,-19.47191087259872,-0.70429441336916,-15.69683466511033,-10.23143674894952,-13.117737413114735,-21.824828276998534,1.70429441336916,16.69683466511033,11.23143674894952,14.117737413114735,22.824828276998534,SE-PTV_FLAT-ALL,2021-10-24
60,DK,PTV_FLAT,ALL,2705,quantity,exponential_smoothing,26,0.1733716340097209,1218.8749050957329,1584.7731030775146,0.1236426248458088,0.1021183635882195,0.0143570327040303,0.0977421257038705,0.0850910214086368,0.0747349301023996,0.074570166216304,98.02981930311944,2709.3069709614065,3643.317919416416,4521.181551231397,8581.584138682356,98.02981930311944,3643.1873185137774,4181.230346414519,4953.480629566237,10188.879333349152,-0.0143570327040303,0.0554551733321442,0.0639475452227737,0.0617235601418685,0.0680644812360384,0.0143570327040303,0.1029214855191237,0.0799930581600501,0.0663178392640059,0.0738939458548437,True,True,0.582213890731022,0.5133840359173707,0.4866159640826293,0.962296223344954,0.6855402059064613,0.783504717740373,0.8007554123142463,0.780247832868551,0.962296223344954,0.6463025321093631,0.7840721865611348,0.8023943534283654,0.7675071683343738,0.0377037766550459,0.3536974678906369,0.2159278134388652,0.1976056465716346,0.2324928316656261,DK-PTV_FLAT-ALL,2021-10-24
61,NO,MOBILE_COMPUTING,ALL,2705,quantity,exponential_smoothing,26,0.1356464637991108,637.3977978303842,811.7072107555529,0.1046484945579388,0.0914556612756265,0.0172928521992502,0.0967408583413654,0.1132306630976894,0.1099673485978788,0.0992981129365334,73.51191469901278,1701.3038458980832,3634.5345836585575,4914.32076673917,7333.17524665178,73.51191469901278,2248.2591657732683,4305.229755156962,5482.516647599611,8027.511687663407,0.0172928521992502,0.0967408583413654,0.1132306630976894,0.1099673485978788,0.0992981129365334,0.0172928521992502,0.1238099769597441,0.1288151154268696,0.1133907627181498,0.0961294409547202,True,True,0.1050201034946272,0.1447378311745242,0.8552621688254758,-0.205113355721521,0.2168912101734945,0.1641625702340396,0.1402286495355799,-0.0838457442766951,-0.205113355721521,0.2381076356680038,0.1530875470865127,0.1327018804215299,-0.1254739712816559,1.205113355721521,0.7618923643319961,0.8469124529134873,0.86729811957847,1.125473971281656,NO-MOBILE_COMPUTING-ALL,2021-10-24
62,GB,MONITORS,ALL,2705,quantity,exponential_smoothing,26,0.1821053831372078,4999.235573363339,5767.443250123625,-0.1036750978631873,0.1149629889327783,0.0481961905179358,0.1102125948150378,0.1159036423868273,0.1218829470079805,0.1183577961489516,1381.5191867136164,11382.252181652577,21940.08272322216,34027.016246920546,52556.000251247584,1381.5191867136164,13338.411316082142,25018.43338490551,38699.61379706208,57556.28451991614,-0.0481961905179358,-0.1102125948150378,-0.1159036423868273,-0.1218829470079805,-0.1183577961489516,0.0481961905179358,0.119946908811371,0.1210750785331662,0.1273192776256395,0.1175430260014422,True,True,0.4850045536530077,0.444886598398036,0.555113401601964,0.904383158702614,0.616239380688772,0.5909317733403341,0.5632182469002431,0.6352081741196223,0.904383158702614,0.5922989606915475,0.5821656690308473,0.5539168571232932,0.6455785403977032,0.095616841297386,0.4077010393084525,0.4178343309691527,0.4460831428767068,0.3544214596022967,GB-MONITORS-ALL,2021-10-24
63,NO,PTV_FLAT,ALL,2705,quantity,exponential_smoothing,26,0.2388797776766096,1628.5614522453884,1980.42282741304,-0.1865641459569175,0.1522842731223007,0.0557464389205572,0.0782685914046407,0.0744986989225175,0.0603998429248283,0.0879740933226668,260.22437688116133,1774.9950191518058,3273.237132104402,3581.4565775514825,11267.783258984737,260.22437688116133,2295.5769899038755,3775.862012233296,4144.948209841278,14443.55135998966,0.0557464389205572,0.0782685914046407,0.0744986989225175,0.0392922826532264,-0.0381280305336394,0.0557464389205572,0.0845074756785282,0.0729330911787969,0.0167578748791559,0.0780775372780306,True,True,0.0044531703569054,0.0533514910642314,0.9466485089357686,0.8367475678286316,0.7238114102537354,0.7529259411153078,0.7921652381799345,0.4803881365467034,0.8367475678286316,0.7023798739563497,0.7532842692060441,0.7812045216810906,0.3682212582404365,0.1632524321713684,0.2976201260436503,0.2467157307939559,0.2187954783189094,0.6317787417595635,NO-PTV_FLAT-ALL,2021-10-24
64,SE,MOBILE_COMPUTING,ALL,2705,quantity,exponential_smoothing,26,0.0764762838505315,656.4204335598271,933.7729558460558,0.0498352326750929,0.0369749921597763,0.0023889956999513,0.0143510205236679,0.0291148418706006,0.0224602849351459,0.0264931120789523,15.965658262774925,471.8899655499624,1809.8718334604328,1645.3044996962092,3704.0191057635457,15.965658262774925,777.6104601954584,2401.540633825617,2073.9308580567385,4646.457957347034,0.0023889956999513,0.0143510205236679,0.0291148418706006,0.0224602849351459,0.0264931120789523,0.0023889956999513,0.0205998020539108,0.0389625084905088,0.0220777854005477,0.0288864296659835,True,True,0.0312237456686437,0.0339039725852567,0.9660960274147432,0.8976560367770838,0.0209751752075468,0.1123183944771343,0.0945322793984116,0.0325823045178991,0.8976560367770838,0.0752213422314316,0.1106858997055179,0.1009846086962997,0.0089368308435594,0.1023439632229161,0.9247786577685684,0.8893141002944821,0.8990153913037002,0.9910631691564404,SE-MOBILE_COMPUTING-ALL,2021-10-24
65,GB,INKJET_PRINTING_DEVICES,ALL,2706,quantity,exponential_smoothing,26,0.2736930485821204,8182.93617054745,11187.0943442487,0.2127233683634024,0.1935375605905151,0.0437625498675941,0.2903869946384994,0.2852336717817623,0.2648316736700729,0.2127893090205835,1480.3735638476282,30823.397111985963,47089.0822753734,62282.04418241493,85054.0992278491,1480.3735638476282,37667.35682018517,52251.03408007506,67605.79692475536,92679.27832640929,-0.0437625498675941,0.2685057197047023,0.2742930343148637,0.258098973690443,0.2094229590307686,0.0437625498675941,0.3431561424667579,0.2947908149205167,0.254450075533339,0.1883110711038692,True,True,0.1316786625009989,0.0703381264406965,0.9296618735593034,0.7869454304386316,0.0764645953556315,0.1387634517248387,0.2741608972552293,0.2919999474117576,0.7869454304386316,0.0311745339030545,0.1369072207869986,0.3008053730284949,0.2872856081636472,0.2130545695613683,0.9688254660969454,0.8630927792130013,0.699194626971505,0.7127143918363528,GB-INKJET_PRINTING_DEVICES-ALL,2021-10-31
66,DE,PTV_FLAT,ALL,2706,quantity,exponential_smoothing,26,0.313229396499163,28786.669156222444,31840.527013125746,-0.2802584220509931,0.2208316716962597,0.1078229757965031,0.0588056163256491,0.0492828405538886,0.0593751074658668,0.1144631091442774,12706.531349941491,19375.131431660506,29215.7240273474,64703.48663583872,237526.44809230504,12706.531349941491,20738.369592809457,35118.33715354311,84012.61756083637,310122.36041454866,0.1078229757965031,0.0588056163256491,0.0472008231968873,-5.45157696908182e-07,-0.0847758279901925,0.1078229757965031,0.0461702201934753,0.0358498893271321,0.0285607472633275,0.1287544049919775,True,True,-0.0564849093216166,0.1802479978387352,0.8197520021612648,0.719182935080944,0.8565631870061877,0.8846235701079825,0.7779030519899184,0.3726224097996378,0.719182935080944,0.8683007542054912,0.8770307654725439,0.7316750825016016,0.2217491692322795,0.280817064919056,0.1316992457945087,0.1229692345274561,0.2683249174983984,0.7782508307677205,DE-PTV_FLAT-ALL,2021-10-31
67,DE,DIGITAL_CAMERAS,ALL,2706,quantity,exponential_smoothing,26,0.3092586590882492,4071.204388412935,5711.633199825614,-0.1399607890293944,0.0107420737159538,0.1556797171493562,0.2373702163493996,0.2863654631399919,0.2602745057174042,0.167034313982367,2121.89200604723,13197.790114871515,28610.118169235586,32704.59761778539,25141.706383642933,2121.89200604723,17539.00587637808,33610.23955419264,35930.08909523691,29360.78563251937,-0.1556797171493562,0.1595303577747214,0.2474455338526527,0.2363237800021185,0.1541489598268428,0.1556797171493562,0.2726928761443237,0.3164272502723376,0.2602912646925695,0.1279852484724928,True,True,-0.0925121032695708,0.108017256302343,0.891982743697657,0.4840277465887703,0.3709125388751054,0.2979671494442376,0.3552634731517345,0.6122437825732182,0.4840277465887703,0.3369291090042535,0.2813877917321998,0.350146962127714,0.5699867860280368,0.5159722534112297,0.6630708909957465,0.7186122082678001,0.649853037872286,0.4300132139719632,DE-DIGITAL_CAMERAS-ALL,2021-10-31
68,GB,POINTING_DEV,ALL,2706,quantity,exponential_smoothing,26,0.1751048602146334,8502.341208436927,12103.025207692095,0.0936365915027831,0.0434376387157074,0.028685285603333,0.0789448010925995,0.0970959814702203,0.0912896685027751,0.0662340027437951,1439.604619787424,18358.86066004073,37100.63817315808,46693.67521320775,46549.66082346733,1439.604619787424,24749.08336274366,43363.233920408085,51454.270095558255,51207.773449310655,-0.028685285603333,-0.0789448010925995,-0.0970959814702203,-0.0912896685027751,-0.0510038465439198,0.028685285603333,0.1051034199613197,0.1117959023217372,0.0941020086377178,0.0313454959880351,True,True,-0.0487191924265946,-0.2304932478265555,1.2304932478265556,0.758570239334775,-1.0521283179611045,-5.197919585157171,-1.088801856094542,0.3507533101957877,0.758570239334775,-1.4775605518775752,-4.75371892488547,-0.6320611582821876,0.4375406973176905,0.241429760665225,2.477560551877575,5.75371892488547,1.6320611582821876,0.5624593026823095,GB-POINTING_DEV-ALL,2021-10-31
69,DK,MEDIATABLETS,ALL,2706,quantity,exponential_smoothing,26,0.1519365069107854,843.3655010405934,1252.0237065406666,0.0714305904229237,0.0794040847096125,0.0913245357246973,0.3050664089300688,0.2938282327638435,0.2484512180714306,0.179719266036135,415.52663754737296,4913.597596656698,8405.66704633096,9768.904670708427,10791.117991861376,415.52663754737296,5983.82898249196,9420.353162545309,10470.839692639604,11169.308979340689,0.0913245357246973,0.3050664089300688,0.2938282327638435,0.2484512180714306,0.179719266036135,0.0913245357246973,0.3575215626773892,0.2931472305829246,0.2221528037567983,0.1406801264096617,True,True,0.2812893352216382,0.2080651911529941,0.7919348088470058,0.5777168317607999,0.161895425072415,0.054799612467001,-0.0021089235587066,0.1649953787297489,0.5777168317607999,0.1651072492668172,0.0442682320422618,-0.0080900948871598,0.1902407814087361,0.4222831682392001,0.8348927507331828,0.9557317679577382,1.0080900948871598,0.8097592185912639,DK-MEDIATABLETS-ALL,2021-10-31
70,CH,MOBILE_COMPUTING,ALL,2706,quantity,exponential_smoothing,26,1.3351350528274229e+180,1.3954819437986762e+184,inf,1.3351350528274229e+180,1.2735337176573616e+180,3.1416776902742187e+158,2.271519154951356e+160,1.5477053903191228e+163,2.5591480115219385e+167,5.657920538286899e+178,3.1869178490141677e+162,1.2871887366238693e+165,1.6676432421789166e+168,4.232336308880379e+172,1.6027911519275791e+184,inf,inf,inf,inf,inf,3.1416776902742187e+158,2.271519154951356e+160,1.5477053903191228e+163,2.5591480115219385e+167,5.657920538286899e+178,3.1416776902742187e+158,3.888299337096464e+160,2.6839810967859502e+163,4.5071011354382753e+167,9.861591231229795e+178,True,True,-7.272050713500245e+180,-inf,inf,-1.8005185587650666e+160,-4.3433391622629257e+161,-3.257479151709878e+164,-7.1784721567246105e+168,-2.0580052153716448e+180,-inf,-inf,-inf,-inf,-inf,inf,inf,inf,inf,inf,CH-MOBILE_COMPUTING-ALL,2021-10-31
71,SE,MEDIATABLETS,ALL,2706,quantity,exponential_smoothing,26,0.1026292469538008,1014.5112444998556,1642.6573529137768,-0.0107924272031707,0.011181274281116,0.0387138637878895,0.0959129366809012,0.1105128759642774,0.0892161850109167,0.0589288550348534,228.83764885021537,3307.1977790442697,6355.361752321112,6389.688994113618,5613.437879287867,228.83764885021537,4485.457160795327,7412.508632775155,7065.412251406623,6123.486732130722,0.0387138637878895,0.0848999051271443,0.1050063601873989,0.0858275599174531,0.0572345424881216,0.0387138637878895,0.1246668071154542,0.1229827796240995,0.0827234809014046,0.0438726020807226,True,True,0.173876652666972,0.2585796349569953,0.7414203650430047,0.6424411736715385,0.377878521624479,0.3978742758847345,0.4854589906683286,0.6279402028646188,0.6424411736715385,0.3807624031700506,0.3971331448167925,0.4798684016310898,0.6133634102934935,0.3575588263284615,0.6192375968299494,0.6028668551832075,0.5201315983689102,0.3866365897065065,SE-MEDIATABLETS-ALL,2021-10-31
72,SE,PTV_FLAT,ALL,2706,quantity,exponential_smoothing,26,1.0242504731154478,12850.538933303924,15400.982397302594,1.0242504731154478,0.8847725725806213,0.2687505799913936,0.4119685456811894,0.5022305521692753,0.5338835683140529,0.6378007918058515,3465.269978409029,32862.84721919961,62917.34601497713,90466.1788062623,164710.26640284355,3465.269978409029,41740.30310381573,73516.53474176447,101603.57659070182,187705.5414572116,0.2687505799913936,0.4119685456811894,0.5022305521692753,0.5338835683140529,0.6378007918058515,0.2687505799913936,0.4931029667521886,0.5662369328586937,0.5766771197835266,0.6939198903969062,True,True,-4.560436838448212,-3.733093316225628,4.733093316225628,-1.4663843262697718,-4.509971449754723,-3.3753369968690627,-3.602579521455725,-4.452361242942316,-1.4663843262697718,-4.229927521906244,-3.2194656192449638,-3.58330989430932,-4.69578369840247,2.466384326269772,5.229927521906244,4.219465619244963,4.58330989430932,5.69578369840247,SE-PTV_FLAT-ALL,2021-10-31
73,DK,PTV_FLAT,ALL,2706,quantity,exponential_smoothing,26,1.9222363088153664,11808.59025021142,14437.615708778312,1.9222363088153664,1.5507717735817932,0.0208105217218993,0.1326744075199274,0.2185723572383256,0.2965926402642152,0.6567446740652165,138.66050623301544,4321.64835340351,12173.220668050692,24781.278554158205,98881.07436287812,138.66050623301544,5474.19592076699,15223.731048515085,31116.44946408621,134759.64517618014,0.0208105217218993,0.1326744075199274,0.2185723572383256,0.2965926402642152,0.6567446740652165,0.0208105217218993,0.1673970718004205,0.2696344599584289,0.3634028439978077,0.8536574049661436,True,True,-3.028966281369704,-3.417641727282968,4.417641727282968,0.9273267787038704,0.5782729101338366,0.3142378735139846,-0.0852030101563909,-1.514721510720796,0.9273267787038704,0.5368245614820513,0.2325470657118732,-0.2547083959531808,-2.060828087808118,0.0726732212961296,0.4631754385179487,0.7674529342881268,1.2547083959531808,3.060828087808118,DK-PTV_FLAT-ALL,2021-10-31
74,NO,MOBILE_COMPUTING,ALL,2706,quantity,exponential_smoothing,26,0.1517839017455051,691.3969840737202,823.994982112522,0.127243460846546,0.1085535886572516,0.1070349600109238,0.1279762683354196,0.1293982727238485,0.1143455361869251,0.1066369084689576,458.9659085268413,2121.5417987013448,3901.386833821455,4767.141357534778,7858.794134333477,458.9659085268413,2406.127300988286,4390.379556872876,5140.584351125005,8749.646264825995,0.1070349600109238,0.1279762683354196,0.1293982727238485,0.1143455361869251,0.1066369084689576,0.1070349600109238,0.1236401770908177,0.1285894168588846,0.1055223220453606,0.1018415877547404,True,True,0.0726684763519873,0.14729388734557,0.85270611265443,0.3230591319663107,0.3894404493269027,0.2537694041704329,0.2333699788719152,-0.1113878025165646,0.3230591319663107,0.3962038302132076,0.2286255948310909,0.2196309753480948,-0.1957835293747507,0.6769408680336892,0.6037961697867924,0.7713744051689091,0.7803690246519052,1.1957835293747507,NO-MOBILE_COMPUTING-ALL,2021-10-31
75,GB,MONITORS,ALL,2706,quantity,exponential_smoothing,26,0.1454222315355307,3678.072060379587,5611.598872763144,0.0756077861419226,0.0364438155307786,0.197743758221864,0.1226554025444981,0.1053249999328354,0.0946957796842947,0.0639832438497716,7743.355246465646,12037.94239855354,17895.724386624745,23015.48528811818,21510.531914359533,7743.355246465646,12822.06377784923,19177.08094957748,24526.768704550686,22847.44235602021,-0.197743758221864,-0.1226554025444981,-0.1053249999328354,-0.0946957796842947,-0.0485321998130585,0.197743758221864,0.1059821732267327,0.0931392091548631,0.0840770442091659,0.0241751229613339,True,True,0.6108476367374025,0.4450592441415508,0.5549407558584492,-0.1938360684396773,0.5674801035945476,0.6370111585145358,0.6884984187864699,0.8453305534159707,-0.1938360684396773,0.6060191030356598,0.6534740344100649,0.7046922268295447,0.8547436038509909,1.1938360684396774,0.3939808969643402,0.3465259655899351,0.2953077731704553,0.1452563961490091,GB-MONITORS-ALL,2021-10-31
76,NO,PTV_FLAT,ALL,2706,quantity,exponential_smoothing,26,0.1443025017005055,1066.756711524155,1473.5301246092483,-0.0937618866775558,0.1018997150240894,0.1241769225302677,0.0595873812289972,0.0331883091833141,0.0446283839203422,0.0673289933665088,614.9241203698857,1064.023161019823,774.5633029149042,3171.1142557609123,8892.619262470453,614.9241203698857,1105.6798340195091,865.0322947993254,4581.228869305871,11094.49925757982,0.1241769225302677,0.0324520792458065,0.0150851772180971,-0.0149216230579352,-0.0524756129353053,0.1241769225302677,0.0086347465537092,0.0036598711003401,0.0384046536234576,0.0746327578256417,True,True,0.3345088538131816,0.289392007608751,0.7106079923912489,0.684977397351493,0.8743329206307048,0.947140962207348,0.8169037569069257,0.5779587925075127,0.684977397351493,0.8861849496027738,0.9470116500231218,0.7527220354442863,0.4941409060373952,0.315022602648507,0.1138150503972261,0.0529883499768781,0.2472779645557137,0.5058590939626048,NO-PTV_FLAT-ALL,2021-10-31
77,SE,MOBILE_COMPUTING,ALL,2706,quantity,exponential_smoothing,26,0.1640535195885134,1283.893256183499,1592.3768585689293,0.1231174897511912,0.0883552214378119,0.0523308139323136,0.0500175814565561,0.033958637804393,0.0241018385093624,0.0445225990833804,351.0350998579597,1131.3559695227204,1247.926594277916,1178.1193154041928,6715.314885771013,351.0350998579597,1249.2504499001304,1809.3843179373544,1666.9720719976451,9397.630333665287,-0.0523308139323136,-0.0500175814565561,-0.0172507007491835,-0.0085843272621071,0.0281795161976455,0.0523308139323136,0.0391988070654396,0.000921205163397,0.0039933300020686,0.0483108594225317,True,True,-0.7955583164311213,-0.606593760269617,1.606593760269617,-0.7377975240493055,0.0040880549976052,0.472112269763995,0.4443438268601202,-0.5607378901218958,-0.7377975240493055,0.1764813916199239,0.3730328774859475,0.3369637377891851,-0.8396910847836432,1.7377975240493055,0.8235186083800761,0.6269671225140525,0.6630362622108149,1.8396910847836432,SE-MOBILE_COMPUTING-ALL,2021-10-31
