,model_name,country_code,item_group_code,outlet_group_code,week_of_forecast,actual_check,absolute_actual_difference,percentage_actual_difference,absolute_forecast_difference,percentage_forecast_difference,cell,mape_diff,1-rmsse_diff,wide_mape_diff,abs_mape_diff,abs_wide_mape_diff,abs_1-rmsse_diff
0,theta,CH,MOBILE_COMPUTING,ALL,2701,0.0,36936.0,13.0,34727.8643715991,12.0,CH-MOBILE_COMPUTING-ALL,-0.00986171520644491,-0.03095849906286874,-0.008799139174731898,0.00986171520644491,0.008799139174731898,0.03095849906286874
1,theta,CH,MOBILE_COMPUTING,ALL,2702,0.0,37756.0,13.0,34494.236270377456,12.0,CH-MOBILE_COMPUTING-ALL,-0.007631500069660305,-0.034692535619034015,-0.011680640416132999,0.007631500069660305,0.011680640416132999,0.034692535619034015
2,theta,CH,MOBILE_COMPUTING,ALL,2703,0.0,37712.0,13.0,35155.636357166644,12.0,CH-MOBILE_COMPUTING-ALL,-0.0073175123813407905,-0.03520411958996672,-0.009288393976745501,0.0073175123813407905,0.009288393976745501,0.03520411958996672
3,theta,CH,MOBILE_COMPUTING,ALL,2704,0.0,37737.99999999999,13.0,35521.3836613725,12.0,CH-MOBILE_COMPUTING-ALL,-0.006040843035287,-0.04427518306816902,0.0018319700038963997,0.006040843035287,0.0018319700038963997,0.04427518306816902
4,theta,CH,MOBILE_COMPUTING,ALL,2705,0.0,38217.99999999999,13.0,35391.26693322338,13.0,CH-MOBILE_COMPUTING-ALL,-0.005122688503086406,-0.05010310086521641,0.007197342092852001,0.005122688503086406,0.007197342092852001,0.05010310086521641
5,theta,CH,MOBILE_COMPUTING,ALL,2706,0.0,40134.0,14.000000000000002,36611.20783580541,13.0,CH-MOBILE_COMPUTING-ALL,-0.005906855720461401,-0.08099519091996449,0.0074237711400061,0.005906855720461401,0.0074237711400061,0.08099519091996449
6,theta,DE,DIGITAL_CAMERAS,ALL,2701,3.637978807091713e-12,8578.819603174585,3.0,10112.872546903793,3.0,DE-DIGITAL_CAMERAS-ALL,-0.0059373246366432875,0.01766305389219852,0.0014706026370778918,0.0059373246366432875,0.0014706026370778918,0.01766305389219852
7,theta,DE,DIGITAL_CAMERAS,ALL,2702,3.637978807091713e-12,8454.990603174589,3.0,11010.412128537198,3.0,DE-DIGITAL_CAMERAS-ALL,-0.0026576682636554882,0.0161146265825462,0.004090178060782795,0.0026576682636554882,0.004090178060782795,0.0161146265825462
8,theta,DE,DIGITAL_CAMERAS,ALL,2703,3.637978807091713e-12,8337.374936507924,3.0,10787.577432289536,3.0,DE-DIGITAL_CAMERAS-ALL,-0.007591967216803913,0.017220104093313926,0.005135146767300092,0.007591967216803913,0.005135146767300092,0.017220104093313926
9,theta,DE,DIGITAL_CAMERAS,ALL,2704,3.637978807091713e-12,8315.46010317459,3.0,9922.310087329433,3.0,DE-DIGITAL_CAMERAS-ALL,-0.006678304787299305,0.017367422013060796,0.002828240510132099,0.006678304787299305,0.002828240510132099,0.017367422013060796
10,theta,DE,DIGITAL_CAMERAS,ALL,2705,3.637978807091713e-12,8378.894436507924,3.0,12211.59647899398,4.0,DE-DIGITAL_CAMERAS-ALL,-0.011076218384748288,0.015601297548951398,0.010784856435155102,0.011076218384748288,0.010784856435155102,0.015601297548951398
11,theta,DE,DIGITAL_CAMERAS,ALL,2706,3.637978807091713e-12,8101.609603174598,3.0,12053.07659913913,4.0,DE-DIGITAL_CAMERAS-ALL,-0.0109501899453891,0.015842690903771106,0.011782020101883003,0.0109501899453891,0.011782020101883003,0.015842690903771106
12,theta,DE,PTV_FLAT,ALL,2701,0.0,21056.733144444035,1.0,20659.28730481086,1.0,DE-PTV_FLAT-ALL,-0.0009352226976598044,-0.000355024370910173,-0.0011189748162308,0.0009352226976598044,0.0011189748162308,0.000355024370910173
13,theta,DE,PTV_FLAT,ALL,2702,0.0,21004.195977777388,1.0,23347.0813366378,1.0,DE-PTV_FLAT-ALL,0.00014860959543680496,-0.0018848167946050043,1.4830400308002423e-05,0.00014860959543680496,1.4830400308002423e-05,0.0018848167946050043
14,theta,DE,PTV_FLAT,ALL,2703,0.0,21256.515620634527,1.0,23150.967849077075,1.0,DE-PTV_FLAT-ALL,6.036091884550898e-05,-0.0017519293693826765,9.497110885610394e-05,6.036091884550898e-05,9.497110885610394e-05,0.0017519293693826765
15,theta,DE,PTV_FLAT,ALL,2704,0.0,21063.032287301226,1.0,24056.339461144555,1.0,DE-PTV_FLAT-ALL,9.912681690890657e-05,-0.001818193683548186,0.0005890140573308958,9.912681690890657e-05,0.0005890140573308958,0.001818193683548186
16,theta,DE,PTV_FLAT,ALL,2705,0.0,21284.686453967915,1.0,23851.376085447795,1.0,DE-PTV_FLAT-ALL,1.156306828399567e-05,-0.00151604779376191,0.0005543502646423032,1.156306828399567e-05,0.0005543502646423032,0.00151604779376191
17,theta,DE,PTV_FLAT,ALL,2706,0.0,21618.032882539344,1.0,18936.566348484732,1.0,DE-PTV_FLAT-ALL,-0.0006390970897376114,-0.0007627211017541824,-0.0012284375377328016,0.0006390970897376114,0.0012284375377328016,0.0007627211017541824
18,theta,DK,MEDIATABLETS,ALL,2701,0.0,26274.0,19.0,19286.525111807918,11.0,DK-MEDIATABLETS-ALL,-0.06872321179027341,0.1524196189738518,-0.08043840538463162,0.06872321179027341,0.08043840538463162,0.1524196189738518
19,theta,DK,MEDIATABLETS,ALL,2702,0.0,27148.0,20.0,21361.69721442958,13.0,DK-MEDIATABLETS-ALL,-0.03994812069515061,0.1091724724344192,-0.06261196957179141,0.03994812069515061,0.06261196957179141,0.1091724724344192
20,theta,DK,MEDIATABLETS,ALL,2703,0.0,28093.0,20.0,22175.671753846425,14.000000000000002,DK-MEDIATABLETS-ALL,-0.016871693096929513,0.0518844988751961,-0.056393908487902794,0.016871693096929513,0.056393908487902794,0.0518844988751961
21,theta,DK,MEDIATABLETS,ALL,2704,0.0,28371.0,21.0,23691.121192252627,15.0,DK-MEDIATABLETS-ALL,-0.019583631403434915,0.0471374163855115,-0.05295000733279551,0.019583631403434915,0.05295000733279551,0.0471374163855115
22,theta,DK,MEDIATABLETS,ALL,2705,0.0,29249.0,21.0,23095.92652933991,15.0,DK-MEDIATABLETS-ALL,-0.01289341689934001,0.03146907537636261,-0.060105886119156196,0.01289341689934001,0.060105886119156196,0.03146907537636261
23,theta,DK,MEDIATABLETS,ALL,2706,0.0,29069.0,21.0,19403.500056678284,12.0,DK-MEDIATABLETS-ALL,-0.010823004542094422,0.0485220699278903,-0.0792369292864624,0.010823004542094422,0.0792369292864624,0.0485220699278903
24,theta,DK,PTV_FLAT,ALL,2701,0.0,2394.0,1.0,2820.995238483073,1.0,DK-PTV_FLAT-ALL,-0.0010627040383890118,0.0008615726215411845,0.0009754609959566063,0.0010627040383890118,0.0009754609959566063,0.0008615726215411845
25,theta,DK,PTV_FLAT,ALL,2702,0.0,2375.0,1.0,2564.085958382145,1.0,DK-PTV_FLAT-ALL,-0.00031511418451452,0.000880687577296993,-0.001650562684949508,0.00031511418451452,0.001650562684949508,0.000880687577296993
26,theta,DK,PTV_FLAT,ALL,2703,0.0,2305.0,1.0,2637.0318747231177,1.0,DK-PTV_FLAT-ALL,0.0003590827129049956,0.0027798562433535012,-0.002409341686948105,0.0003590827129049956,0.002409341686948105,0.0027798562433535012
27,theta,DK,PTV_FLAT,ALL,2704,0.0,2300.0,1.0,2558.812976344132,1.0,DK-PTV_FLAT-ALL,0.00012170987162310465,0.0028426715559006,-0.002044706796370699,0.00012170987162310465,0.002044706796370699,0.0028426715559006
28,theta,DK,PTV_FLAT,ALL,2705,0.0,2306.0,1.0,2473.311252832703,1.0,DK-PTV_FLAT-ALL,-0.00032810891009987797,0.002873826187007,-0.0016065134579172913,0.00032810891009987797,0.0016065134579172913,0.002873826187007
29,theta,DK,PTV_FLAT,ALL,2706,0.0,2304.0,1.0,2318.6999381225232,1.0,DK-PTV_FLAT-ALL,-0.0008586063904388042,0.0030623078707566996,-0.0008715243118462973,0.0008586063904388042,0.0008715243118462973,0.0030623078707566996
30,theta,GB,INKJET_PRINTING_DEVICES,ALL,2701,0.0,66533.37809097665,8.0,42768.996582142034,5.0,GB-INKJET_PRINTING_DEVICES-ALL,0.09705091598079679,-0.3512129294768604,0.023530891913594504,0.09705091598079679,0.023530891913594504,0.3512129294768604
31,theta,GB,INKJET_PRINTING_DEVICES,ALL,2702,0.0,67019.48054198179,8.0,-39873.843994066,-5.0,GB-INKJET_PRINTING_DEVICES-ALL,0.101737377897205,-0.39109931736606957,0.053656646747399506,0.101737377897205,0.053656646747399506,0.39109931736606957
32,theta,GB,INKJET_PRINTING_DEVICES,ALL,2703,3.637978807091713e-12,65975.14623847512,8.0,46642.034984633654,6.0,GB-INKJET_PRINTING_DEVICES-ALL,0.08176554950370389,-0.341493498978089,0.021015567486728,0.08176554950370389,0.021015567486728,0.341493498978089
33,theta,GB,INKJET_PRINTING_DEVICES,ALL,2704,3.637978807091713e-12,64892.56058656822,8.0,69865.96657581592,9.0,GB-INKJET_PRINTING_DEVICES-ALL,-0.008834527082481197,-0.0007810137559129959,-0.006975345681755101,0.008834527082481197,0.006975345681755101,0.0007810137559129959
34,theta,GB,INKJET_PRINTING_DEVICES,ALL,2705,3.637978807091713e-12,68957.10016494754,8.0,75298.42502248802,9.0,GB-INKJET_PRINTING_DEVICES-ALL,-0.011758305670775487,-0.004350132725449596,0.0055682247106966995,0.011758305670775487,0.0055682247106966995,0.004350132725449596
35,theta,GB,INKJET_PRINTING_DEVICES,ALL,2706,3.637978807091713e-12,68571.31542094372,8.0,68419.47451154076,8.0,GB-INKJET_PRINTING_DEVICES-ALL,-0.013270244094589823,-0.0023307534945402053,-0.0023170762068858985,0.013270244094589823,0.0023170762068858985,0.0023307534945402053
36,theta,GB,MONITORS,ALL,2701,0.0,168804.5426688776,22.0,238837.85281689564,26.0,GB-MONITORS-ALL,0.031239281875658387,-0.07544583778068897,0.04106537254976589,0.031239281875658387,0.04106537254976589,0.07544583778068897
37,theta,GB,MONITORS,ALL,2702,0.0,167153.05226564035,22.0,362653.05092757003,45.0,GB-MONITORS-ALL,0.050394041025024316,0.026118362580428184,0.1991379880468333,0.050394041025024316,0.1991379880468333,0.026118362580428184
38,theta,GB,MONITORS,ALL,2703,0.0,165167.81150513655,21.0,161022.74789491924,21.0,GB-MONITORS-ALL,-0.025325604665871693,0.11053910264321967,-0.00012370311813719725,0.025325604665871693,0.00012370311813719725,0.11053910264321967
39,theta,GB,MONITORS,ALL,2704,0.0,161100.5502838013,21.0,167930.83370087523,26.0,GB-MONITORS-ALL,-0.015724644834887003,0.15239196610325909,-0.03257404729036831,0.015724644834887003,0.03257404729036831,0.15239196610325909
40,theta,GB,MONITORS,ALL,2705,0.0,158794.83537821504,21.0,281461.8411683161,42.0,GB-MONITORS-ALL,-0.04822709014513259,0.48809519950999797,-0.0787797992175751,0.04822709014513259,0.0787797992175751,0.48809519950999797
41,theta,GB,MONITORS,ALL,2706,0.0,156290.21840083983,21.0,181546.78057356857,25.0,GB-MONITORS-ALL,-0.0004213080143648795,0.1441742283914999,-0.0355398676282177,0.0004213080143648795,0.0355398676282177,0.1441742283914999
42,theta,GB,POINTING_DEV,ALL,2701,0.0,15980.0,1.0,18837.704841929117,1.0,GB-POINTING_DEV-ALL,-0.0015565951229845054,-0.031426805227894816,-0.002241442296847501,0.0015565951229845054,0.002241442296847501,0.031426805227894816
43,theta,GB,POINTING_DEV,ALL,2702,0.0,15764.0,1.0,18583.47274883622,1.0,GB-POINTING_DEV-ALL,-0.0017594771440152257,-0.029500162808734576,-0.0021923285387431025,0.0017594771440152257,0.0021923285387431025,0.029500162808734576
44,theta,GB,POINTING_DEV,ALL,2703,0.0,15543.0,1.0,20192.767472593638,2.0,GB-POINTING_DEV-ALL,-0.0008047535715742238,-0.03926770267064339,-0.004186999650738099,0.0008047535715742238,0.004186999650738099,0.03926770267064339
45,theta,GB,POINTING_DEV,ALL,2704,0.0,15282.0,1.0,19158.374452684657,1.0,GB-POINTING_DEV-ALL,-0.001056262530656188,-0.040019660315203875,-0.003757352652223392,0.001056262530656188,0.003757352652223392,0.040019660315203875
46,theta,GB,POINTING_DEV,ALL,2705,0.0,15203.0,1.0,18694.54233791669,1.0,GB-POINTING_DEV-ALL,-0.0012244929504586222,-0.04123270104250487,-0.003724732282798404,0.0012244929504586222,0.003724732282798404,0.04123270104250487
47,theta,GB,POINTING_DEV,ALL,2706,0.0,15027.0,1.0,18442.696203272935,1.0,GB-POINTING_DEV-ALL,-0.0010745345588435984,-0.04380329185319998,-0.0036448267193621015,0.0010745345588435984,0.0036448267193621015,0.04380329185319998
48,theta,NO,MOBILE_COMPUTING,ALL,2701,0.0,58246.0,42.0,62512.38595234932,41.0,NO-MOBILE_COMPUTING-ALL,0.0070518711244961785,-0.0933601613218474,-0.005902886660639692,0.0070518711244961785,0.005902886660639692,0.0933601613218474
49,theta,NO,MOBILE_COMPUTING,ALL,2702,0.0,59036.0,43.0,61109.28539360458,40.0,NO-MOBILE_COMPUTING-ALL,0.006898068002528596,-0.0645798768687797,-0.0177724321565646,0.006898068002528596,0.0177724321565646,0.0645798768687797
50,theta,NO,MOBILE_COMPUTING,ALL,2703,0.0,59042.0,43.0,60753.946262186015,41.0,NO-MOBILE_COMPUTING-ALL,0.006372770565058888,-0.05113132540042441,-0.015373545656621301,0.006372770565058888,0.015373545656621301,0.05113132540042441
51,theta,NO,MOBILE_COMPUTING,ALL,2704,0.0,59059.0,44.0,61263.46070433634,41.0,NO-MOBILE_COMPUTING-ALL,-0.004722254902098377,-0.0532334451289588,-0.025194855697939195,0.004722254902098377,0.025194855697939195,0.0532334451289588
52,theta,NO,MOBILE_COMPUTING,ALL,2705,0.0,57704.0,43.0,66183.37561562308,45.0,NO-MOBILE_COMPUTING-ALL,0.009733438125372584,-0.1725839068233896,0.0125782463645073,0.009733438125372584,0.0125782463645073,0.1725839068233896
53,theta,NO,MOBILE_COMPUTING,ALL,2706,0.0,56371.0,42.0,70403.51245969869,48.0,NO-MOBILE_COMPUTING-ALL,0.02869918032077501,-0.2952189502523474,0.0428478216641745,0.02869918032077501,0.0428478216641745,0.2952189502523474
54,theta,NO,PTV_FLAT,ALL,2701,0.0,4485.0,2.0,4676.765211882459,2.0,NO-PTV_FLAT-ALL,-0.006129298935765304,0.0005816532010969877,-0.0016617061789125087,0.006129298935765304,0.0016617061789125087,0.0005816532010969877
55,theta,NO,PTV_FLAT,ALL,2702,0.0,4470.0,2.0,4651.357954193879,2.0,NO-PTV_FLAT-ALL,-0.0036266627090021097,0.0008412436555648162,-0.0011936002872910967,0.0036266627090021097,0.0011936002872910967,0.0008412436555648162
56,theta,NO,PTV_FLAT,ALL,2703,0.0,4425.0,2.0,4453.592891586801,2.0,NO-PTV_FLAT-ALL,-0.004860207271660505,0.0020891338358929035,-0.0020870882124982004,0.004860207271660505,0.0020870882124982004,0.0020891338358929035
57,theta,NO,PTV_FLAT,ALL,2704,0.0,4407.0,2.0,4212.691496270591,2.0,NO-PTV_FLAT-ALL,-0.005142799982259305,0.0030211557465279204,-0.003559618287450897,0.005142799982259305,0.003559618287450897,0.0030211557465279204
58,theta,NO,PTV_FLAT,ALL,2705,0.0,4441.0,2.0,6878.54716758921,3.0,NO-PTV_FLAT-ALL,0.004174788479978708,-0.01862210942820841,0.010162151891752,0.004174788479978708,0.010162151891752,0.01862210942820841
59,theta,NO,PTV_FLAT,ALL,2706,0.0,4480.0,2.0,3969.5987380374318,2.0,NO-PTV_FLAT-ALL,-0.006371792845779822,0.005313999163980898,-0.0050493342171330086,0.006371792845779822,0.0050493342171330086,0.005313999163980898
60,theta,SE,MEDIATABLETS,ALL,2701,0.0,16797.0,8.0,21058.436052901598,9.0,SE-MEDIATABLETS-ALL,-0.001079338331374996,-0.0018132592738008997,0.015116530652059097,0.001079338331374996,0.015116530652059097,0.0018132592738008997
61,theta,SE,MEDIATABLETS,ALL,2702,0.0,16675.0,8.0,18612.057226615794,8.0,SE-MEDIATABLETS-ALL,-0.0033939020664247033,0.0062598768110557,0.004638560978348999,0.0033939020664247033,0.004638560978348999,0.0062598768110557
62,theta,SE,MEDIATABLETS,ALL,2703,0.0,16833.0,8.0,15825.178430485714,7.000000000000001,SE-MEDIATABLETS-ALL,-0.0032541212570304096,0.0149777514320143,-0.008583655545169995,0.0032541212570304096,0.008583655545169995,0.0149777514320143
63,theta,SE,MEDIATABLETS,ALL,2704,0.0,16801.0,8.0,18643.31000535966,8.0,SE-MEDIATABLETS-ALL,-0.005886410705099807,0.007637137303243901,0.0054411259270713,0.005886410705099807,0.0054411259270713,0.007637137303243901
64,theta,SE,MEDIATABLETS,ALL,2705,0.0,16786.0,8.0,16344.241530413025,7.000000000000001,SE-MEDIATABLETS-ALL,-0.004874868777532196,0.010303875031634002,-0.005048382233245004,0.004874868777532196,0.005048382233245004,0.010303875031634002
65,theta,SE,MEDIATABLETS,ALL,2706,0.0,16826.0,8.0,16877.279382630637,7.000000000000001,SE-MEDIATABLETS-ALL,-0.0032809537872676986,0.0089386266206697,-0.0038317714405255027,0.0032809537872676986,0.0038317714405255027,0.0089386266206697
66,theta,SE,MOBILE_COMPUTING,ALL,2701,0.0,86956.0,39.0,140090.333248958,60.0,SE-MOBILE_COMPUTING-ALL,0.12139801591016933,-0.08878149077998798,0.1586918688763047,0.12139801591016933,0.1586918688763047,0.08878149077998798
67,theta,SE,MOBILE_COMPUTING,ALL,2702,0.0,87920.0,39.0,139216.02094692586,61.0,SE-MOBILE_COMPUTING-ALL,0.10210702673805559,-0.01133877940213801,0.1588295149418338,0.10210702673805559,0.1588295149418338,0.01133877940213801
68,theta,SE,MOBILE_COMPUTING,ALL,2703,0.0,87964.0,40.0,135276.72769048982,59.0,SE-MOBILE_COMPUTING-ALL,0.1057379482189713,0.01376066023031508,0.1430111876158922,0.1057379482189713,0.1430111876158922,0.01376066023031508
69,theta,SE,MOBILE_COMPUTING,ALL,2704,0.0,86785.0,39.0,139820.5780275477,62.0,SE-MOBILE_COMPUTING-ALL,0.1253119797828624,-0.07557082421106998,0.166186882934609,0.1253119797828624,0.166186882934609,0.07557082421106998
70,theta,SE,MOBILE_COMPUTING,ALL,2705,0.0,85639.0,39.0,135886.80896173246,59.0,SE-MOBILE_COMPUTING-ALL,0.122943903692739,-0.08470726690367497,0.1539237287361485,0.122943903692739,0.1539237287361485,0.08470726690367497
71,theta,SE,MOBILE_COMPUTING,ALL,2706,0.0,85544.0,39.0,111753.5475131892,49.0,SE-MOBILE_COMPUTING-ALL,0.060782830144091415,0.2738084694263605,0.0781589428127902,0.060782830144091415,0.0781589428127902,0.2738084694263605
72,theta,SE,PTV_FLAT,ALL,2701,0.0,6811.0,2.0,6811.3780047525415,2.0,SE-PTV_FLAT-ALL,-0.003850227983945298,-0.0016127517074618347,-0.0007417215830058041,0.003850227983945298,0.0007417215830058041,0.0016127517074618347
73,theta,SE,PTV_FLAT,ALL,2702,0.0,6743.0,2.0,6845.700951078314,2.0,SE-PTV_FLAT-ALL,-0.0038528943511671188,-0.0013391476222755494,-0.0008201960853929033,0.0038528943511671188,0.0008201960853929033,0.0013391476222755494
74,theta,SE,PTV_FLAT,ALL,2703,0.0,6621.0,2.0,6649.280696003039,2.0,SE-PTV_FLAT-ALL,-0.0038217242125216933,-0.0018365298413249853,-0.00048743383843569826,0.0038217242125216933,0.00048743383843569826,0.0018365298413249853
75,theta,SE,PTV_FLAT,ALL,2704,0.0,6514.0,2.0,6410.3645926200115,2.0,SE-PTV_FLAT-ALL,-0.0031400230080341762,-0.0017903279830489005,0.0002529154159118,0.0031400230080341762,0.0002529154159118,0.0017903279830489005
76,theta,SE,PTV_FLAT,ALL,2705,0.0,6452.0,2.0,6282.815711438594,2.0,SE-PTV_FLAT-ALL,-0.0030074809146733994,-0.0027853777318876394,-0.0012698077541577965,0.0030074809146733994,0.0012698077541577965,0.0027853777318876394
77,theta,SE,PTV_FLAT,ALL,2706,0.0,6318.0,2.0,6311.748363905672,2.0,SE-PTV_FLAT-ALL,-0.0029597924433487077,-0.0027272562647266962,-0.0012355892813908087,0.0029597924433487077,0.0012355892813908087,0.0027272562647266962
0,tbats,CH,MOBILE_COMPUTING,ALL,2701,0.0,36936.0,13.0,-8662.954106266121,-3.0,CH-MOBILE_COMPUTING-ALL,-0.019297283669346105,-0.0821739306637504,0.0461379945210853,0.019297283669346105,0.0461379945210853,0.0821739306637504
1,tbats,CH,MOBILE_COMPUTING,ALL,2702,0.0,37756.0,13.0,91736.1733950607,39.0,CH-MOBILE_COMPUTING-ALL,-0.05883341484157262,0.22714331502949586,-0.1588582204801952,0.05883341484157262,0.1588582204801952,0.22714331502949586
2,tbats,CH,MOBILE_COMPUTING,ALL,2703,0.0,37712.0,13.0,82849.5304802438,35.0,CH-MOBILE_COMPUTING-ALL,-0.05968317509866522,0.5400671196798059,-0.15993437786279588,0.05968317509866522,0.15993437786279588,0.5400671196798059
3,tbats,CH,MOBILE_COMPUTING,ALL,2704,0.0,37737.99999999999,13.0,34372.640619170124,12.0,CH-MOBILE_COMPUTING-ALL,-0.007753212432731693,-0.04749452100007921,0.0074795102500958,0.007753212432731693,0.0074795102500958,0.04749452100007921
4,tbats,CH,MOBILE_COMPUTING,ALL,2705,0.0,38217.99999999999,13.0,46545.72821016757,19.0,CH-MOBILE_COMPUTING-ALL,-0.01619287307104869,0.038428460071289,-0.043158006170981505,0.01619287307104869,0.043158006170981505,0.038428460071289
5,tbats,CH,MOBILE_COMPUTING,ALL,2706,0.0,40134.0,14.000000000000002,57849.42161247747,23.0,CH-MOBILE_COMPUTING-ALL,-0.00953542848799599,0.30711749371219743,-0.06994294075216091,0.00953542848799599,0.06994294075216091,0.30711749371219743
6,tbats,DE,DIGITAL_CAMERAS,ALL,2701,3.637978807091713e-12,8578.819603174585,3.0,7545.460683206007,2.0,DE-DIGITAL_CAMERAS-ALL,-0.007529058305325215,0.025051710775680636,-0.00860313784580799,0.007529058305325215,0.00860313784580799,0.025051710775680636
7,tbats,DE,DIGITAL_CAMERAS,ALL,2702,3.637978807091713e-12,8454.990603174589,3.0,34032.55213664164,9.0,DE-DIGITAL_CAMERAS-ALL,0.06309599006933789,-0.07690986421897142,0.0714062730287629,0.06309599006933789,0.0714062730287629,0.07690986421897142
8,tbats,DE,DIGITAL_CAMERAS,ALL,2703,3.637978807091713e-12,8337.374936507924,3.0,13256.140872895498,3.0,DE-DIGITAL_CAMERAS-ALL,0.017140468849845797,-0.03976136034497879,0.010018892372849586,0.017140468849845797,0.010018892372849586,0.03976136034497879
9,tbats,DE,DIGITAL_CAMERAS,ALL,2704,3.637978807091713e-12,8315.46010317459,3.0,14195.768909987995,4.0,DE-DIGITAL_CAMERAS-ALL,0.012326070596817396,-0.013375781280562105,0.01339721910850128,0.012326070596817396,0.01339721910850128,0.013375781280562105
10,tbats,DE,DIGITAL_CAMERAS,ALL,2705,3.637978807091713e-12,8378.894436507924,3.0,3171.8780495787214,1.0,DE-DIGITAL_CAMERAS-ALL,-0.010366871319562904,0.05701074830582159,-0.02173872379093081,0.010366871319562904,0.02173872379093081,0.05701074830582159
11,tbats,DE,DIGITAL_CAMERAS,ALL,2706,3.637978807091713e-12,8101.609603174598,3.0,23358.579374381785,6.0,DE-DIGITAL_CAMERAS-ALL,0.02077745577194179,-0.05166369417161909,0.04261827526000392,0.02077745577194179,0.04261827526000392,0.05166369417161909
12,tbats,DE,PTV_FLAT,ALL,2701,0.0,21056.733144444035,1.0,32795.39446353295,1.0,DE-PTV_FLAT-ALL,-0.0018324941780486215,0.002337781831913008,-0.0051494731750721945,0.0018324941780486215,0.0051494731750721945,0.002337781831913008
13,tbats,DE,PTV_FLAT,ALL,2702,0.0,21004.195977777388,1.0,24532.79224985381,1.0,DE-PTV_FLAT-ALL,-0.0011253701132978022,5.105364772139964e-05,-0.0024251021817600082,0.0011253701132978022,0.0024251021817600082,5.105364772139964e-05
14,tbats,DE,PTV_FLAT,ALL,2703,0.0,21256.515620634527,1.0,16530.391950536286,1.0,DE-PTV_FLAT-ALL,-0.0006862184823885897,-0.002854386699955691,0.0002285655519937979,0.0006862184823885897,0.0002285655519937979,0.002854386699955691
15,tbats,DE,PTV_FLAT,ALL,2704,0.0,21063.032287301226,1.0,17049.543517306316,1.0,DE-PTV_FLAT-ALL,-0.00209527671044199,-0.000865145938270695,0.0008462481884082967,0.00209527671044199,0.0008462481884082967,0.000865145938270695
16,tbats,DE,PTV_FLAT,ALL,2705,0.0,21284.686453967915,1.0,16669.38101748553,1.0,DE-PTV_FLAT-ALL,-0.0026323085817885894,-0.0007593758915964977,0.0011984473109091995,0.0026323085817885894,0.0011984473109091995,0.0007593758915964977
17,tbats,DE,PTV_FLAT,ALL,2706,0.0,21618.032882539344,1.0,14952.515491293903,1.0,DE-PTV_FLAT-ALL,-0.0028616189141316695,-0.003533471526812215,0.0022012471318343003,0.0028616189141316695,0.0022012471318343003,0.003533471526812215
18,tbats,DK,MEDIATABLETS,ALL,2701,0.0,26274.0,19.0,-1370.6486678751917,-1.0,DK-MEDIATABLETS-ALL,-0.07278442570985272,0.14475304238283832,-0.1778524439403588,0.07278442570985272,0.1778524439403588,0.14475304238283832
19,tbats,DK,MEDIATABLETS,ALL,2702,0.0,27148.0,20.0,-3684.563886525504,-2.0,DK-MEDIATABLETS-ALL,-0.07051870083188339,0.1228188483725253,-0.13634929011162128,0.07051870083188339,0.13634929011162128,0.1228188483725253
20,tbats,DK,MEDIATABLETS,ALL,2703,0.0,28093.0,20.0,20795.36908873153,13.0,DK-MEDIATABLETS-ALL,-0.046836348708511,0.1209801992895876,-0.071855656570374,0.046836348708511,0.071855656570374,0.1209801992895876
21,tbats,DK,MEDIATABLETS,ALL,2704,0.0,28371.0,21.0,-10829.220920543106,-7.000000000000001,DK-MEDIATABLETS-ALL,-0.08870648033024978,-0.0457968007735791,-0.06342746247598621,0.08870648033024978,0.06342746247598621,0.0457968007735791
22,tbats,DK,MEDIATABLETS,ALL,2705,0.0,29249.0,21.0,61165.91758045281,51.0,DK-MEDIATABLETS-ALL,0.06761583200901011,0.0752226726105561,-0.06447138432021,0.06761583200901011,0.06447138432021,0.0752226726105561
23,tbats,DK,MEDIATABLETS,ALL,2706,0.0,29069.0,21.0,49776.293108034144,40.0,DK-MEDIATABLETS-ALL,0.0586781757524307,0.0569975493226329,-0.0838726609619289,0.0586781757524307,0.0838726609619289,0.0569975493226329
24,tbats,DK,PTV_FLAT,ALL,2701,0.0,2394.0,1.0,-31337.881669572427,-14.000000000000002,DK-PTV_FLAT-ALL,-0.06434123659755872,-0.201047214394119,-0.031005593968729497,0.06434123659755872,0.031005593968729497,0.201047214394119
25,tbats,DK,PTV_FLAT,ALL,2702,0.0,2375.0,1.0,3581.273253655233,2.0,DK-PTV_FLAT-ALL,0.0023870715320490066,0.0031621587836779957,-0.006793691025483203,0.0023870715320490066,0.006793691025483203,0.0031621587836779957
26,tbats,DK,PTV_FLAT,ALL,2703,0.0,2305.0,1.0,-21859.278275971243,-10.0,DK-PTV_FLAT-ALL,-0.009843262388052193,-0.36909890155770503,0.039010290171359395,0.009843262388052193,0.039010290171359395,0.36909890155770503
27,tbats,DK,PTV_FLAT,ALL,2704,0.0,2300.0,1.0,11995.35654231572,6.0,DK-PTV_FLAT-ALL,-0.003492249036702505,0.016019371726380682,0.047318014534244904,0.003492249036702505,0.047318014534244904,0.016019371726380682
28,tbats,DK,PTV_FLAT,ALL,2705,0.0,2306.0,1.0,-29664.519962861064,-14.000000000000002,DK-PTV_FLAT-ALL,-0.02567266718422248,-0.3592075600987513,0.0012565282303495101,0.02567266718422248,0.0012565282303495101,0.3592075600987513
29,tbats,DK,PTV_FLAT,ALL,2706,0.0,2304.0,1.0,1952.6595858382789,1.0,DK-PTV_FLAT-ALL,-0.001350599835750893,0.0021680071197283006,0.0008121245449173031,0.001350599835750893,0.0008121245449173031,0.0021680071197283006
30,tbats,GB,INKJET_PRINTING_DEVICES,ALL,2701,0.0,66533.37809097665,8.0,89742.9289325634,10.0,GB-INKJET_PRINTING_DEVICES-ALL,-0.0028788021587629053,-0.01798147622836055,0.023364431443885305,0.0028788021587629053,0.023364431443885305,0.01798147622836055
31,tbats,GB,INKJET_PRINTING_DEVICES,ALL,2702,0.0,67019.48054198179,8.0,42231.74218177367,5.0,GB-INKJET_PRINTING_DEVICES-ALL,-0.012170961310334683,0.008418301994202793,-0.031012942075621698,0.012170961310334683,0.031012942075621698,0.008418301994202793
32,tbats,GB,INKJET_PRINTING_DEVICES,ALL,2703,3.637978807091713e-12,65975.14623847512,8.0,54947.792175916526,6.0,GB-INKJET_PRINTING_DEVICES-ALL,-0.013444446934755105,0.005191987465659853,-0.014907500279161302,0.013444446934755105,0.014907500279161302,0.005191987465659853
33,tbats,GB,INKJET_PRINTING_DEVICES,ALL,2704,3.637978807091713e-12,64892.56058656822,8.0,72981.0491138811,8.0,GB-INKJET_PRINTING_DEVICES-ALL,-0.006210660486665298,-0.014116823539457424,0.0036881411635412004,0.006210660486665298,0.0036881411635412004,0.014116823539457424
34,tbats,GB,INKJET_PRINTING_DEVICES,ALL,2705,3.637978807091713e-12,68957.10016494754,8.0,60976.55650685553,7.000000000000001,GB-INKJET_PRINTING_DEVICES-ALL,-0.012883164640697387,-0.008275963326688895,-0.011478576372716397,0.012883164640697387,0.011478576372716397,0.008275963326688895
35,tbats,GB,INKJET_PRINTING_DEVICES,ALL,2706,3.637978807091713e-12,68571.31542094372,8.0,34766.45480121216,4.0,GB-INKJET_PRINTING_DEVICES-ALL,-0.028790598006893015,0.02370666304352026,-0.0449508233566355,0.028790598006893015,0.0449508233566355,0.02370666304352026
36,tbats,GB,MONITORS,ALL,2701,0.0,168804.5426688776,22.0,198443.37401073694,23.0,GB-MONITORS-ALL,0.0009835878708658041,0.00024565981107560475,0.015425021941032499,0.0009835878708658041,0.015425021941032499,0.00024565981107560475
37,tbats,GB,MONITORS,ALL,2702,0.0,167153.05226564035,22.0,209038.33662247326,24.0,GB-MONITORS-ALL,0.010594573373974292,0.003682185085485179,0.023993836793954615,0.010594573373974292,0.023993836793954615,0.003682185085485179
38,tbats,GB,MONITORS,ALL,2703,0.0,165167.81150513655,21.0,169712.44744468323,20.0,GB-MONITORS-ALL,-0.0159363656922816,0.042813281331489816,-0.016120164513361998,0.0159363656922816,0.016120164513361998,0.042813281331489816
39,tbats,GB,MONITORS,ALL,2704,0.0,161100.5502838013,21.0,218647.48586474027,28.000000000000004,GB-MONITORS-ALL,0.031081336647186805,0.011856918621600598,0.0589500443443122,0.031081336647186805,0.0589500443443122,0.011856918621600598
40,tbats,GB,MONITORS,ALL,2705,0.0,158794.83537821504,21.0,252875.03606326127,33.0,GB-MONITORS-ALL,0.0447657678072932,0.038757275165524796,0.0952308303026104,0.0447657678072932,0.0952308303026104,0.038757275165524796
41,tbats,GB,MONITORS,ALL,2706,0.0,156290.21840083983,21.0,195035.6020144419,24.0,GB-MONITORS-ALL,0.020777167320719492,0.04179164139692437,0.032286136783189,0.020777167320719492,0.032286136783189,0.04179164139692437
42,tbats,GB,POINTING_DEV,ALL,2701,0.0,15980.0,1.0,26741.108940880025,2.0,GB-POINTING_DEV-ALL,0.001326966440957103,-0.0216193825694795,0.0071637018897465,0.001326966440957103,0.0071637018897465,0.0216193825694795
43,tbats,GB,POINTING_DEV,ALL,2702,0.0,15764.0,1.0,25288.31486511411,2.0,GB-POINTING_DEV-ALL,0.0004804775898963054,0.0031659458313997003,0.0063696857436976,0.0004804775898963054,0.0063696857436976,0.0031659458313997003
44,tbats,GB,POINTING_DEV,ALL,2703,0.0,15543.0,1.0,-7594.036786864133,-1.0,GB-POINTING_DEV-ALL,-0.008761314954063099,-0.06643143308020799,-0.0064433141020698,0.008761314954063099,0.0064433141020698,0.06643143308020799
45,tbats,GB,POINTING_DEV,ALL,2704,0.0,15282.0,1.0,12199.86053821657,1.0,GB-POINTING_DEV-ALL,-0.0017847510597555905,-0.0313839555184052,-0.0023350947694959004,0.0017847510597555905,0.0023350947694959004,0.0313839555184052
46,tbats,GB,POINTING_DEV,ALL,2705,0.0,15203.0,1.0,2432.8602175602864,0.0,GB-POINTING_DEV-ALL,-0.0028386654348032114,-0.07234393592258591,-0.0020624675304632004,0.0028386654348032114,0.0020624675304632004,0.07234393592258591
47,tbats,GB,POINTING_DEV,ALL,2706,0.0,15027.0,1.0,14650.547119850082,1.0,GB-POINTING_DEV-ALL,-0.001076497789150005,-0.0327723897251779,-0.00040897970650210017,0.001076497789150005,0.00040897970650210017,0.0327723897251779
48,tbats,NO,MOBILE_COMPUTING,ALL,2701,0.0,58246.0,42.0,66972.86125234625,47.0,NO-MOBILE_COMPUTING-ALL,0.006100666421257811,-0.0025904343667784158,0.03545726127248419,0.006100666421257811,0.03545726127248419,0.0025904343667784158
49,tbats,NO,MOBILE_COMPUTING,ALL,2702,0.0,59036.0,43.0,74043.2266632184,55.00000000000001,NO-MOBILE_COMPUTING-ALL,0.0497865380630369,-0.26540701598977035,0.0364489280095183,0.0497865380630369,0.0364489280095183,0.26540701598977035
50,tbats,NO,MOBILE_COMPUTING,ALL,2703,0.0,59042.0,43.0,66278.35542311297,47.0,NO-MOBILE_COMPUTING-ALL,0.04516575637641909,-0.2273273759037166,0.025534890063584698,0.04516575637641909,0.025534890063584698,0.2273273759037166
51,tbats,NO,MOBILE_COMPUTING,ALL,2704,0.0,59059.0,44.0,59059.44504604777,42.0,NO-MOBILE_COMPUTING-ALL,0.012230351923150196,-0.2691265416145401,-0.0145076994305251,0.012230351923150196,0.0145076994305251,0.2691265416145401
52,tbats,NO,MOBILE_COMPUTING,ALL,2705,0.0,57704.0,43.0,71282.72404810795,51.0,NO-MOBILE_COMPUTING-ALL,0.04046670071458541,-0.3345122121983524,0.0563609812598783,0.04046670071458541,0.0563609812598783,0.3345122121983524
53,tbats,NO,MOBILE_COMPUTING,ALL,2706,0.0,56371.0,42.0,76627.46990515394,56.99999999999999,NO-MOBILE_COMPUTING-ALL,0.060093032464263785,-0.37030370404791646,0.1048991421853127,0.060093032464263785,0.1048991421853127,0.37030370404791646
54,tbats,NO,PTV_FLAT,ALL,2701,0.0,4485.0,2.0,4534.39821525715,2.0,NO-PTV_FLAT-ALL,-0.0049623885517336985,0.005682326355615108,-0.0003522809650443005,0.0049623885517336985,0.0003522809650443005,0.005682326355615108
55,tbats,NO,PTV_FLAT,ALL,2702,0.0,4470.0,2.0,2212.6742696666615,1.0,NO-PTV_FLAT-ALL,-0.006918878647414695,-0.022443878325332706,0.010908254072445,0.006918878647414695,0.010908254072445,0.022443878325332706
56,tbats,NO,PTV_FLAT,ALL,2703,0.0,4425.0,2.0,384.7313410376828,0.0,NO-PTV_FLAT-ALL,-0.01774333851970389,-0.03363783732560349,0.020241680828806,0.01774333851970389,0.020241680828806,0.03363783732560349
57,tbats,NO,PTV_FLAT,ALL,2704,0.0,4407.0,2.0,9085.614048352443,5.0,NO-PTV_FLAT-ALL,0.0011798581994957036,0.09094762445606411,-0.024985387355835702,0.0011798581994957036,0.024985387355835702,0.09094762445606411
58,tbats,NO,PTV_FLAT,ALL,2705,0.0,4441.0,2.0,-2190.515629194225,-1.0,NO-PTV_FLAT-ALL,-0.008466252928711115,0.020012484436748634,0.03343069946455671,0.008466252928711115,0.03343069946455671,0.020012484436748634
59,tbats,NO,PTV_FLAT,ALL,2706,0.0,4480.0,2.0,1365.566874132007,1.0,NO-PTV_FLAT-ALL,-0.010217551910502692,-0.0855704791732233,0.0156926725352488,0.010217551910502692,0.0156926725352488,0.0855704791732233
60,tbats,SE,MEDIATABLETS,ALL,2701,0.0,16797.0,8.0,19888.501360806244,9.0,SE-MEDIATABLETS-ALL,-0.0210350720026328,0.09996750742946539,0.008557464197268702,0.0210350720026328,0.008557464197268702,0.09996750742946539
61,tbats,SE,MEDIATABLETS,ALL,2702,0.0,16675.0,8.0,26247.146806264078,12.0,SE-MEDIATABLETS-ALL,0.024952994545895002,-0.04518182376438021,0.039136038767304204,0.024952994545895002,0.039136038767304204,0.04518182376438021
62,tbats,SE,MEDIATABLETS,ALL,2703,0.0,16833.0,8.0,20031.05769067217,9.0,SE-MEDIATABLETS-ALL,0.007924146520312605,-0.00033345741476970003,0.013140439006984,0.007924146520312605,0.013140439006984,0.00033345741476970003
63,tbats,SE,MEDIATABLETS,ALL,2704,0.0,16801.0,8.0,15187.914540651245,7.000000000000001,SE-MEDIATABLETS-ALL,0.0021419192814636084,0.00668895760205529,0.0061432495159336,0.0021419192814636084,0.0061432495159336,0.00668895760205529
64,tbats,SE,MEDIATABLETS,ALL,2705,0.0,16786.0,8.0,27632.237585412244,13.0,SE-MEDIATABLETS-ALL,0.0008448723129702018,-0.003969832880507798,-0.010813627336204099,0.0008448723129702018,0.010813627336204099,0.003969832880507798
65,tbats,SE,MEDIATABLETS,ALL,2706,0.0,16826.0,8.0,21514.025822129253,10.0,SE-MEDIATABLETS-ALL,0.006203304442741198,0.006388554568780305,0.014991593801092301,0.006203304442741198,0.014991593801092301,0.006388554568780305
66,tbats,SE,MOBILE_COMPUTING,ALL,2701,0.0,86956.0,39.0,88340.12043984988,40.0,SE-MOBILE_COMPUTING-ALL,0.02970981299191411,0.13382591825603718,-0.0069800809833036,0.02970981299191411,0.0069800809833036,0.13382591825603718
67,tbats,SE,MOBILE_COMPUTING,ALL,2702,0.0,87920.0,39.0,86258.0212070645,40.0,SE-MOBILE_COMPUTING-ALL,0.02129538996311668,0.26361484450184247,-0.0021499959614637992,0.02129538996311668,0.0021499959614637992,0.26361484450184247
68,tbats,SE,MOBILE_COMPUTING,ALL,2703,0.0,87964.0,40.0,87639.50086975614,40.0,SE-MOBILE_COMPUTING-ALL,0.021192116337803685,0.3126759494121263,-0.005427707875354498,0.021192116337803685,0.005427707875354498,0.3126759494121263
69,tbats,SE,MOBILE_COMPUTING,ALL,2704,0.0,86785.0,39.0,102320.49922874157,47.0,SE-MOBILE_COMPUTING-ALL,0.0587024417216038,0.24477872005496537,0.006006503837646702,0.0587024417216038,0.006006503837646702,0.24477872005496537
70,tbats,SE,MOBILE_COMPUTING,ALL,2705,0.0,85639.0,39.0,81114.53525103835,38.0,SE-MOBILE_COMPUTING-ALL,0.015699420235498,0.16928309154317378,0.005706800977433299,0.015699420235498,0.005706800977433299,0.16928309154317378
71,tbats,SE,MOBILE_COMPUTING,ALL,2706,0.0,85544.0,39.0,96638.87238228164,45.0,SE-MOBILE_COMPUTING-ALL,0.02765098134566779,0.28282478193687743,-0.0018071834027150006,0.02765098134566779,0.0018071834027150006,0.28282478193687743
72,tbats,SE,PTV_FLAT,ALL,2701,0.0,6811.0,2.0,7108.944932751376,2.0,SE-PTV_FLAT-ALL,-0.0009377231497793015,-0.01589230326084623,-0.004325135497101007,0.0009377231497793015,0.004325135497101007,0.01589230326084623
73,tbats,SE,PTV_FLAT,ALL,2702,0.0,6743.0,2.0,7312.929817535158,2.0,SE-PTV_FLAT-ALL,-0.001038368000798373,-0.015389213292911652,-0.004817923888453118,0.001038368000798373,0.004817923888453118,0.015389213292911652
74,tbats,SE,PTV_FLAT,ALL,2703,0.0,6621.0,2.0,7170.845434314659,2.0,SE-PTV_FLAT-ALL,-0.0005492029761255401,-0.016620697792661066,-0.00501752485731502,0.0005492029761255401,0.00501752485731502,0.016620697792661066
75,tbats,SE,PTV_FLAT,ALL,2704,0.0,6514.0,2.0,8023.204115317651,2.0,SE-PTV_FLAT-ALL,-0.001176423124513215,-0.015823765922733823,-0.005895924870754188,0.001176423124513215,0.005895924870754188,0.015823765922733823
76,tbats,SE,PTV_FLAT,ALL,2705,0.0,6452.0,2.0,8590.657610775139,2.0,SE-PTV_FLAT-ALL,-0.002365440193209889,-0.025159272760602924,0.005249644751435998,0.002365440193209889,0.005249644751435998,0.025159272760602924
77,tbats,SE,PTV_FLAT,ALL,2706,0.0,6318.0,2.0,8789.09449742981,2.0,SE-PTV_FLAT-ALL,-0.001817567686651922,-0.028323432888982314,0.0060398812179734,0.001817567686651922,0.0060398812179734,0.028323432888982314
0,prophet,CH,MOBILE_COMPUTING,ALL,2701,0.0,36936.0,13.0,30390.13068563618,10.0,CH-MOBILE_COMPUTING-ALL,-0.00547854199168471,-0.04627802146491569,-0.0033599562994245987,0.00547854199168471,0.0033599562994245987,0.04627802146491569
1,prophet,CH,MOBILE_COMPUTING,ALL,2702,0.0,37756.0,13.0,30515.986423240607,11.0,CH-MOBILE_COMPUTING-ALL,-0.005778698063563598,-0.044844329133621796,0.008594092405704797,0.005778698063563598,0.008594092405704797,0.044844329133621796
2,prophet,CH,MOBILE_COMPUTING,ALL,2703,0.0,37712.0,13.0,30752.640434070046,11.0,CH-MOBILE_COMPUTING-ALL,-0.003601585000926194,-0.04936418562284879,0.0187096657546959,0.003601585000926194,0.0187096657546959,0.04936418562284879
3,prophet,CH,MOBILE_COMPUTING,ALL,2704,0.0,37737.99999999999,13.0,30892.0081674713,11.0,CH-MOBILE_COMPUTING-ALL,-0.0031290766473237863,-0.0507709675018122,0.0211292624297369,0.0031290766473237863,0.0211292624297369,0.0507709675018122
4,prophet,CH,MOBILE_COMPUTING,ALL,2705,0.0,38217.99999999999,13.0,31143.169032353617,11.0,CH-MOBILE_COMPUTING-ALL,-0.0021677914026989875,-0.0464695547260807,0.0170683714834453,0.0021677914026989875,0.0170683714834453,0.0464695547260807
5,prophet,CH,MOBILE_COMPUTING,ALL,2706,0.0,40134.0,14.000000000000002,31411.659054963282,11.0,CH-MOBILE_COMPUTING-ALL,0.001430574487956221,-0.061294269000373006,0.0264945855792306,0.001430574487956221,0.0264945855792306,0.061294269000373006
6,prophet,DE,DIGITAL_CAMERAS,ALL,2701,3.637978807091713e-12,8578.819603174585,3.0,10192.886617306991,3.0,DE-DIGITAL_CAMERAS-ALL,-0.004034650920898608,0.003051876400578357,-0.006417964706244901,0.004034650920898608,0.006417964706244901,0.003051876400578357
7,prophet,DE,DIGITAL_CAMERAS,ALL,2702,3.637978807091713e-12,8454.990603174589,3.0,-13638.377164415602,-4.0,DE-DIGITAL_CAMERAS-ALL,0.016117752274543,-0.015551164290866004,0.057249441936918104,0.016117752274543,0.057249441936918104,0.015551164290866004
8,prophet,DE,DIGITAL_CAMERAS,ALL,2703,3.637978807091713e-12,8337.374936507924,3.0,18942.53437473288,6.0,DE-DIGITAL_CAMERAS-ALL,0.008903798211679192,-0.014135235903016685,0.0236090453712051,0.008903798211679192,0.0236090453712051,0.014135235903016685
9,prophet,DE,DIGITAL_CAMERAS,ALL,2704,3.637978807091713e-12,8315.46010317459,3.0,5378.426739162882,2.0,DE-DIGITAL_CAMERAS-ALL,0.002106810251106095,0.003156043030395961,0.0068617319783874,0.002106810251106095,0.0068617319783874,0.003156043030395961
10,prophet,DE,DIGITAL_CAMERAS,ALL,2705,3.637978807091713e-12,8378.894436507924,3.0,14769.91555741429,5.0,DE-DIGITAL_CAMERAS-ALL,0.006620946547786097,-0.008435012765710126,0.0143625172406547,0.006620946547786097,0.0143625172406547,0.008435012765710126
11,prophet,DE,DIGITAL_CAMERAS,ALL,2706,3.637978807091713e-12,8101.609603174598,3.0,12084.97940626601,4.0,DE-DIGITAL_CAMERAS-ALL,0.0036392497209449953,-0.0042577752551208325,0.0123356754466783,0.0036392497209449953,0.0123356754466783,0.0042577752551208325
12,prophet,DE,PTV_FLAT,ALL,2701,0.0,21056.733144444035,1.0,18747.47888246071,1.0,DE-PTV_FLAT-ALL,-0.0027558546521848637,0.001183569954037289,-0.002515293492565185,0.0027558546521848637,0.002515293492565185,0.001183569954037289
13,prophet,DE,PTV_FLAT,ALL,2702,0.0,21004.195977777388,1.0,18854.24292619138,1.0,DE-PTV_FLAT-ALL,-0.0024885733890487316,0.0013236510246937006,-0.00239026843991641,0.0024885733890487316,0.00239026843991641,0.0013236510246937006
14,prophet,DE,PTV_FLAT,ALL,2703,0.0,21256.515620634527,1.0,-148736.30115780295,-4.0,DE-PTV_FLAT-ALL,-0.0543556367502151,0.1011004074038771,-0.05942467421775599,0.0543556367502151,0.05942467421775599,0.1011004074038771
15,prophet,DE,PTV_FLAT,ALL,2704,0.0,21063.032287301226,1.0,18899.560227838912,1.0,DE-PTV_FLAT-ALL,-0.002583247392715371,0.0019733596724372943,-0.0024119974503958863,0.002583247392715371,0.0024119974503958863,0.0019733596724372943
16,prophet,DE,PTV_FLAT,ALL,2705,0.0,21284.686453967915,1.0,16326.056140560468,0.0,DE-PTV_FLAT-ALL,-0.0029385405418624055,0.003127432267057223,-0.0029464695828214094,0.0029385405418624055,0.0029464695828214094,0.003127432267057223
17,prophet,DE,PTV_FLAT,ALL,2706,0.0,21618.032882539344,1.0,18358.639431935168,1.0,DE-PTV_FLAT-ALL,-0.003269855239549424,0.0013125597007274045,-0.0029788572629877996,0.003269855239549424,0.0029788572629877996,0.0013125597007274045
18,prophet,DK,MEDIATABLETS,ALL,2701,0.0,26274.0,19.0,27523.347429450543,17.0,DK-MEDIATABLETS-ALL,-0.018318021447909505,-0.0202868430951572,-0.017095052619269885,0.018318021447909505,0.017095052619269885,0.0202868430951572
19,prophet,DK,MEDIATABLETS,ALL,2702,0.0,27148.0,20.0,23585.687707938487,15.0,DK-MEDIATABLETS-ALL,-0.03606081814925649,0.07253420122658541,-0.04940398607630321,0.03606081814925649,0.04940398607630321,0.07253420122658541
20,prophet,DK,MEDIATABLETS,ALL,2703,0.0,28093.0,20.0,24811.652064928458,15.0,DK-MEDIATABLETS-ALL,-0.03152350889622069,0.0034890393140356024,-0.0482124610315649,0.03152350889622069,0.0482124610315649,0.0034890393140356024
21,prophet,DK,MEDIATABLETS,ALL,2704,0.0,28371.0,21.0,17856.788949188296,11.0,DK-MEDIATABLETS-ALL,-0.039752607463152095,0.09279921646583428,-0.08863995036385781,0.039752607463152095,0.08863995036385781,0.09279921646583428
22,prophet,DK,MEDIATABLETS,ALL,2705,0.0,29249.0,21.0,18375.212164584227,12.0,DK-MEDIATABLETS-ALL,-0.02944972465715978,0.051141799311149,-0.08865843919861341,0.02944972465715978,0.08865843919861341,0.051141799311149
23,prophet,DK,MEDIATABLETS,ALL,2706,0.0,29069.0,21.0,18187.08842585373,12.0,DK-MEDIATABLETS-ALL,-0.02922983864120221,0.0532239774174084,-0.088675538621352,0.02922983864120221,0.088675538621352,0.0532239774174084
24,prophet,DK,PTV_FLAT,ALL,2701,0.0,2394.0,1.0,2640.186739519486,1.0,DK-PTV_FLAT-ALL,-0.0032144691150057247,0.0009569968643152182,-0.001435196130456784,0.0032144691150057247,0.001435196130456784,0.0009569968643152182
25,prophet,DK,PTV_FLAT,ALL,2702,0.0,2375.0,1.0,2628.7597325482757,1.0,DK-PTV_FLAT-ALL,-0.0030385094670548063,0.0006022327617059009,-0.0013119429061687893,0.0030385094670548063,0.0013119429061687893,0.0006022327617059009
26,prophet,DK,PTV_FLAT,ALL,2703,0.0,2305.0,1.0,2624.517181919665,1.0,DK-PTV_FLAT-ALL,-0.002537703742016839,0.0015077815328866095,-0.000924123100111307,0.002537703742016839,0.000924123100111307,0.0015077815328866095
27,prophet,DK,PTV_FLAT,ALL,2704,0.0,2300.0,1.0,2617.118093750926,1.0,DK-PTV_FLAT-ALL,-0.0027080732188564105,0.0017877452949875972,-0.0010364982583428994,0.0027080732188564105,0.0010364982583428994,0.0017877452949875972
28,prophet,DK,PTV_FLAT,ALL,2705,0.0,2306.0,1.0,2617.031654757402,1.0,DK-PTV_FLAT-ALL,-0.0029769319618614953,0.002001292501605495,-0.0013001531921660037,0.0029769319618614953,0.0013001531921660037,0.002001292501605495
29,prophet,DK,PTV_FLAT,ALL,2706,0.0,2304.0,1.0,2619.1266361683256,1.0,DK-PTV_FLAT-ALL,-0.002766844798016699,0.0020768217617787993,-0.0014569861815508234,0.002766844798016699,0.0014569861815508234,0.0020768217617787993
30,prophet,GB,INKJET_PRINTING_DEVICES,ALL,2701,0.0,66533.37809097665,8.0,62538.24541171983,7.000000000000001,GB-INKJET_PRINTING_DEVICES-ALL,-0.01200638280382868,0.0024115124454878734,-0.01165867694125941,0.01200638280382868,0.01165867694125941,0.0024115124454878734
31,prophet,GB,INKJET_PRINTING_DEVICES,ALL,2702,0.0,67019.48054198179,8.0,51128.72324683337,5.0,GB-INKJET_PRINTING_DEVICES-ALL,-0.016556432448720904,0.018729415304915786,-0.024791465310848693,0.016556432448720904,0.024791465310848693,0.018729415304915786
32,prophet,GB,INKJET_PRINTING_DEVICES,ALL,2703,3.637978807091713e-12,65975.14623847512,8.0,56501.83076460131,6.0,GB-INKJET_PRINTING_DEVICES-ALL,-0.012458584087394975,0.0070665559503027,-0.017235431739509005,0.012458584087394975,0.017235431739509005,0.0070665559503027
33,prophet,GB,INKJET_PRINTING_DEVICES,ALL,2704,3.637978807091713e-12,64892.56058656822,8.0,68483.85987741778,8.0,GB-INKJET_PRINTING_DEVICES-ALL,-0.006272017311113209,-0.009358071654091027,-0.002338739354575195,0.006272017311113209,0.002338739354575195,0.009358071654091027
34,prophet,GB,INKJET_PRINTING_DEVICES,ALL,2705,3.637978807091713e-12,68957.10016494754,8.0,54988.99739402373,6.0,GB-INKJET_PRINTING_DEVICES-ALL,-0.022856533820225705,0.017881699846968913,-0.02478760741580771,0.022856533820225705,0.02478760741580771,0.017881699846968913
35,prophet,GB,INKJET_PRINTING_DEVICES,ALL,2706,3.637978807091713e-12,68571.31542094372,8.0,52444.547110734915,6.0,GB-INKJET_PRINTING_DEVICES-ALL,-0.025393496773664814,0.0231482414018207,-0.028691190681222695,0.025393496773664814,0.028691190681222695,0.0231482414018207
36,prophet,GB,MONITORS,ALL,2701,0.0,168804.5426688776,22.0,251536.3608652699,20.0,GB-MONITORS-ALL,-0.03458593044831881,0.10030166543821406,-0.0235821004430099,0.03458593044831881,0.0235821004430099,0.10030166543821406
37,prophet,GB,MONITORS,ALL,2702,0.0,167153.05226564035,22.0,250397.18945901684,20.0,GB-MONITORS-ALL,-0.02832429101735845,0.09678889605133101,-0.019998415757362942,0.02832429101735845,0.019998415757362942,0.09678889605133101
38,prophet,GB,MONITORS,ALL,2703,0.0,165167.81150513655,21.0,137880.5048773925,11.0,GB-MONITORS-ALL,-0.1220680466264511,0.43083845577363983,-0.1324711168224027,0.1220680466264511,0.1324711168224027,0.43083845577363983
39,prophet,GB,MONITORS,ALL,2704,0.0,161100.5502838013,21.0,251757.63174470907,23.0,GB-MONITORS-ALL,0.009464368674335089,0.04478587011207602,0.021277038560413408,0.009464368674335089,0.021277038560413408,0.04478587011207602
40,prophet,GB,MONITORS,ALL,2705,0.0,158794.83537821504,21.0,247284.02421867056,22.0,GB-MONITORS-ALL,0.007380696645402529,0.06517147366716475,0.01899789670030072,0.007380696645402529,0.01899789670030072,0.06517147366716475
41,prophet,GB,MONITORS,ALL,2706,0.0,156290.21840083983,21.0,248987.50249247233,23.0,GB-MONITORS-ALL,0.011698354431566083,0.07357555788175157,0.022449035187312283,0.011698354431566083,0.022449035187312283,0.07357555788175157
42,prophet,GB,POINTING_DEV,ALL,2701,0.0,15980.0,1.0,17082.739253215354,1.0,GB-POINTING_DEV-ALL,-0.0006752047237160025,-0.0235339374155518,-0.0009035812450660999,0.0006752047237160025,0.0009035812450660999,0.0235339374155518
43,prophet,GB,POINTING_DEV,ALL,2702,0.0,15764.0,1.0,16613.852994783265,1.0,GB-POINTING_DEV-ALL,-0.0007447324422465984,-0.0223571911822422,-0.0007112199593535002,0.0007447324422465984,0.0007112199593535002,0.0223571911822422
44,prophet,GB,POINTING_DEV,ALL,2703,0.0,15543.0,1.0,16157.149349884101,1.0,GB-POINTING_DEV-ALL,-0.0008788863905852956,-0.029678668701052693,-0.0005548877013679,0.0008788863905852956,0.0005548877013679,0.029678668701052693
45,prophet,GB,POINTING_DEV,ALL,2704,0.0,15282.0,1.0,15984.695435697082,1.0,GB-POINTING_DEV-ALL,-0.0009342901735148179,-0.02921509705224891,-0.0005470115893107998,0.0009342901735148179,0.0005470115893107998,0.02921509705224891
46,prophet,GB,POINTING_DEV,ALL,2705,0.0,15203.0,1.0,15934.059297816893,1.0,GB-POINTING_DEV-ALL,-0.0008396385999606126,-0.02984952251437449,0.0005006083545683001,0.0008396385999606126,0.0005006083545683001,0.02984952251437449
47,prophet,GB,POINTING_DEV,ALL,2706,0.0,15027.0,1.0,15979.123724433448,1.0,GB-POINTING_DEV-ALL,-0.0006388151572641887,-0.030859147181585805,0.0006084789180776,0.0006388151572641887,0.0006084789180776,0.030859147181585805
48,prophet,NO,MOBILE_COMPUTING,ALL,2701,0.0,58246.0,42.0,62722.22204569516,42.0,NO-MOBILE_COMPUTING-ALL,-0.015263671663087813,0.06227107690332723,-0.003620164533951406,0.015263671663087813,0.003620164533951406,0.06227107690332723
49,prophet,NO,MOBILE_COMPUTING,ALL,2702,0.0,59036.0,43.0,60185.72337440931,40.0,NO-MOBILE_COMPUTING-ALL,-0.011879045787450998,0.0985950137737297,-0.019051012744939103,0.011879045787450998,0.019051012744939103,0.0985950137737297
50,prophet,NO,MOBILE_COMPUTING,ALL,2703,0.0,59042.0,43.0,60562.95953330653,41.0,NO-MOBILE_COMPUTING-ALL,-0.016625858341057204,0.0919166647102696,-0.0188268993386876,0.016625858341057204,0.0188268993386876,0.0919166647102696
51,prophet,NO,MOBILE_COMPUTING,ALL,2704,0.0,59059.0,44.0,59453.51578919095,40.0,NO-MOBILE_COMPUTING-ALL,-0.02661812772808722,0.08762621030588313,-0.03636803134975421,0.02661812772808722,0.03636803134975421,0.08762621030588313
52,prophet,NO,MOBILE_COMPUTING,ALL,2705,0.0,57704.0,43.0,62740.25682387129,42.0,NO-MOBILE_COMPUTING-ALL,-0.022569881574953682,0.012913536781375301,-0.0086782685048154,0.022569881574953682,0.0086782685048154,0.012913536781375301
53,prophet,NO,MOBILE_COMPUTING,ALL,2706,0.0,56371.0,42.0,61213.08765170977,41.0,NO-MOBILE_COMPUTING-ALL,-0.02553094036185291,0.01748451843868648,-0.0091364469394309,0.02553094036185291,0.0091364469394309,0.01748451843868648
54,prophet,NO,PTV_FLAT,ALL,2701,0.0,4485.0,2.0,3385.5439114293386,2.0,NO-PTV_FLAT-ALL,-0.007242314427907598,0.004614681981484348,-0.006175475081915901,0.007242314427907598,0.006175475081915901,0.004614681981484348
55,prophet,NO,PTV_FLAT,ALL,2702,0.0,4470.0,2.0,3353.702636717181,2.0,NO-PTV_FLAT-ALL,-0.006094884352194796,0.0046793094456316076,-0.005971144403171801,0.006094884352194796,0.005971144403171801,0.0046793094456316076
56,prophet,NO,PTV_FLAT,ALL,2703,0.0,4425.0,2.0,3314.449599757877,2.0,NO-PTV_FLAT-ALL,-0.005745931088056405,0.004173892034200044,-0.0057797239924323,0.005745931088056405,0.0057797239924323,0.004173892034200044
57,prophet,NO,PTV_FLAT,ALL,2704,0.0,4407.0,2.0,3287.63417876933,2.0,NO-PTV_FLAT-ALL,-0.0069498381273953025,0.004896491832372396,-0.006300752069244301,0.0069498381273953025,0.006300752069244301,0.004896491832372396
58,prophet,NO,PTV_FLAT,ALL,2705,0.0,4441.0,2.0,3278.24879848612,2.0,NO-PTV_FLAT-ALL,-0.007409248512944611,0.003654828143111022,-0.0066225871335841985,0.007409248512944611,0.0066225871335841985,0.003654828143111022
59,prophet,NO,PTV_FLAT,ALL,2706,0.0,4480.0,2.0,3281.94397808179,2.0,NO-PTV_FLAT-ALL,-0.007744552802943699,0.0036657688919159437,-0.006836003040867199,0.007744552802943699,0.006836003040867199,0.0036657688919159437
60,prophet,SE,MEDIATABLETS,ALL,2701,0.0,16797.0,8.0,18717.443947167943,8.0,SE-MEDIATABLETS-ALL,-0.0042269972886880836,-0.023985841649363793,0.006214511167027502,0.0042269972886880836,0.006214511167027502,0.023985841649363793
61,prophet,SE,MEDIATABLETS,ALL,2702,0.0,16675.0,8.0,17176.807683032646,8.0,SE-MEDIATABLETS-ALL,-0.009389070661679905,-0.0076392275373670035,-0.0008608358478589054,0.009389070661679905,0.0008608358478589054,0.0076392275373670035
62,prophet,SE,MEDIATABLETS,ALL,2703,0.0,16833.0,8.0,20780.144693744827,9.0,SE-MEDIATABLETS-ALL,0.011441498800918992,-0.10181559480570429,0.0166071365993458,0.011441498800918992,0.0166071365993458,0.10181559480570429
63,prophet,SE,MEDIATABLETS,ALL,2704,0.0,16801.0,8.0,13630.964533407678,6.0,SE-MEDIATABLETS-ALL,-0.021001880482049096,0.0715515819730736,-0.014808129219748301,0.021001880482049096,0.014808129219748301,0.0715515819730736
64,prophet,SE,MEDIATABLETS,ALL,2705,0.0,16786.0,8.0,13066.672047737055,6.0,SE-MEDIATABLETS-ALL,-0.00423434492608632,-0.0065278085657032026,-0.017075255949100802,0.00423434492608632,0.017075255949100802,0.0065278085657032026
65,prophet,SE,MEDIATABLETS,ALL,2706,0.0,16826.0,8.0,33239.84464182551,14.000000000000002,SE-MEDIATABLETS-ALL,0.02026951133505092,-0.1046040280630392,0.0659319074429704,0.02026951133505092,0.0659319074429704,0.1046040280630392
66,prophet,SE,MOBILE_COMPUTING,ALL,2701,0.0,86956.0,39.0,84011.09093985615,35.0,SE-MOBILE_COMPUTING-ALL,-0.021384027842091896,0.8497700868700448,-0.029336295621880205,0.021384027842091896,0.029336295621880205,0.8497700868700448
67,prophet,SE,MOBILE_COMPUTING,ALL,2702,0.0,87920.0,39.0,87471.15076424392,38.0,SE-MOBILE_COMPUTING-ALL,-0.015698627279292277,0.8908599670378361,-0.010181994186755201,0.015698627279292277,0.010181994186755201,0.8908599670378361
68,prophet,SE,MOBILE_COMPUTING,ALL,2703,0.0,87964.0,40.0,87155.14670013037,38.0,SE-MOBILE_COMPUTING-ALL,-0.011779862769899507,1.0012790674231575,-0.013213770739304,0.011779862769899507,0.013213770739304,1.0012790674231575
69,prophet,SE,MOBILE_COMPUTING,ALL,2704,0.0,86785.0,39.0,88001.78458827615,38.0,SE-MOBILE_COMPUTING-ALL,-0.007541859221353614,0.9788312799801171,-0.005277685673317902,0.007541859221353614,0.005277685673317902,0.9788312799801171
70,prophet,SE,MOBILE_COMPUTING,ALL,2705,0.0,85639.0,39.0,87268.63098640375,37.0,SE-MOBILE_COMPUTING-ALL,-0.008400042495536192,0.9546657309741318,-0.008767485768420603,0.008400042495536192,0.008767485768420603,0.9546657309741318
71,prophet,SE,MOBILE_COMPUTING,ALL,2706,0.0,85544.0,39.0,89914.05498024209,38.0,SE-MOBILE_COMPUTING-ALL,-0.0021553309798512943,0.874697897406812,-0.002438049637083599,0.0021553309798512943,0.002438049637083599,0.874697897406812
72,prophet,SE,PTV_FLAT,ALL,2701,0.0,6811.0,2.0,6928.001328955678,2.0,SE-PTV_FLAT-ALL,-0.0050685889266005035,-0.011984159947158401,-0.001110261179857401,0.0050685889266005035,0.001110261179857401,0.011984159947158401
73,prophet,SE,PTV_FLAT,ALL,2702,0.0,6743.0,2.0,6856.892847498317,2.0,SE-PTV_FLAT-ALL,-0.004993009398078729,-0.012272977321038603,-0.0012771377229233022,0.004993009398078729,0.0012771377229233022,0.012272977321038603
74,prophet,SE,PTV_FLAT,ALL,2703,0.0,6621.0,2.0,6846.030237680239,2.0,SE-PTV_FLAT-ALL,-0.00521263635792979,-0.012617925705805444,-0.0016376833645057043,0.00521263635792979,0.0016376833645057043,0.012617925705805444
75,prophet,SE,PTV_FLAT,ALL,2704,0.0,6514.0,2.0,6709.704861354599,2.0,SE-PTV_FLAT-ALL,-0.0048714414634029035,-0.01184130259606997,-0.0011949367123257962,0.0048714414634029035,0.0011949367123257962,0.01184130259606997
76,prophet,SE,PTV_FLAT,ALL,2705,0.0,6452.0,2.0,6647.086626882703,2.0,SE-PTV_FLAT-ALL,-0.0046868704827812135,-0.014779904812917577,-0.0005448215144938998,0.0046868704827812135,0.0005448215144938998,0.014779904812917577
77,prophet,SE,PTV_FLAT,ALL,2706,0.0,6318.0,2.0,6597.154035888791,2.0,SE-PTV_FLAT-ALL,-0.004453881574429219,-0.015604021493087927,0.0005257128479778002,0.004453881574429219,0.0005257128479778002,0.015604021493087927
0,exponential_smoothing,CH,MOBILE_COMPUTING,ALL,2701,0.0,36936.0,13.0,-23373.80074370306,-7.000000000000001,CH-MOBILE_COMPUTING-ALL,-0.09043930448867742,0.2444002254824218,-0.09928919406357989,0.09043930448867742,0.09928919406357989,0.2444002254824218
1,exponential_smoothing,CH,MOBILE_COMPUTING,ALL,2702,0.0,37756.0,13.0,44332.45303744945,15.0,CH-MOBILE_COMPUTING-ALL,-0.042161338143265406,0.10365354998381857,0.017380694196652197,0.042161338143265406,0.017380694196652197,0.10365354998381857
2,exponential_smoothing,CH,MOBILE_COMPUTING,ALL,2703,0.0,37712.0,13.0,26526.31381225426,9.0,CH-MOBILE_COMPUTING-ALL,-0.014272813045630606,0.007428092888539073,0.019957407933411102,0.014272813045630606,0.019957407933411102,0.007428092888539073
3,exponential_smoothing,CH,MOBILE_COMPUTING,ALL,2704,0.0,37737.99999999999,13.0,43079.13958102932,16.0,CH-MOBILE_COMPUTING-ALL,-0.003464452039080995,-0.04718083810738019,-0.021721950690436198,0.003464452039080995,0.021721950690436198,0.04718083810738019
4,exponential_smoothing,CH,MOBILE_COMPUTING,ALL,2705,0.0,38217.99999999999,13.0,37624.927544208665,14.000000000000002,CH-MOBILE_COMPUTING-ALL,-0.0423480856199875,0.0895033124469923,-0.0042888083027448,0.0423480856199875,0.0042888083027448,0.0895033124469923
5,exponential_smoothing,CH,MOBILE_COMPUTING,ALL,2706,0.0,40134.0,14.000000000000002,-3.6282530538765587e+185,-100.0,CH-MOBILE_COMPUTING-ALL,-1.3351350528274229e+180,inf,-1.2735337176573616e+180,1.3351350528274229e+180,1.2735337176573616e+180,inf
6,exponential_smoothing,DE,DIGITAL_CAMERAS,ALL,2701,3.637978807091713e-12,8578.819603174585,3.0,45269.42960978633,13.0,DE-DIGITAL_CAMERAS-ALL,-0.00014979098374889865,-0.03621220081240498,0.1080087806469091,0.00014979098374889865,0.1080087806469091,0.03621220081240498
7,exponential_smoothing,DE,DIGITAL_CAMERAS,ALL,2702,3.637978807091713e-12,8454.990603174589,3.0,20751.71472003298,6.0,DE-DIGITAL_CAMERAS-ALL,0.0659951012389199,-0.3361855559922525,0.0361308334869087,0.0659951012389199,0.0361308334869087,0.3361855559922525
8,exponential_smoothing,DE,DIGITAL_CAMERAS,ALL,2703,3.637978807091713e-12,8337.374936507924,3.0,10802.162846675677,3.0,DE-DIGITAL_CAMERAS-ALL,0.1043779127588997,-0.3766167306424927,0.006513436342943699,0.1043779127588997,0.006513436342943699,0.3766167306424927
9,exponential_smoothing,DE,DIGITAL_CAMERAS,ALL,2704,3.637978807091713e-12,8315.46010317459,3.0,-6460.774633052008,-1.0,DE-DIGITAL_CAMERAS-ALL,-0.08268814957613035,0.13696270032097196,-0.06250746275847208,0.08268814957613035,0.06250746275847208,0.13696270032097196
10,exponential_smoothing,DE,DIGITAL_CAMERAS,ALL,2705,3.637978807091713e-12,8378.894436507924,3.0,23649.63861290182,7.000000000000001,DE-DIGITAL_CAMERAS-ALL,-0.0779688756489329,0.0849605157692456,0.0455274137775282,0.0779688756489329,0.0455274137775282,0.0849605157692456
11,exponential_smoothing,DE,DIGITAL_CAMERAS,ALL,2706,3.637978807091713e-12,8101.609603174598,3.0,29611.230899630456,10.0,DE-DIGITAL_CAMERAS-ALL,-0.07620456465379447,0.06020922220809881,0.0454620422593398,0.07620456465379447,0.0454620422593398,0.06020922220809881
12,exponential_smoothing,DE,PTV_FLAT,ALL,2701,0.0,21056.733144444035,1.0,116679.59367547906,4.0,DE-PTV_FLAT-ALL,0.021059764592449487,-0.11142477590187361,0.03173621766581279,0.021059764592449487,0.03173621766581279,0.11142477590187361
13,exponential_smoothing,DE,PTV_FLAT,ALL,2702,0.0,21004.195977777388,1.0,24124.836700782078,1.0,DE-PTV_FLAT-ALL,-0.00013702957629599388,-0.002700362971473358,0.0008925415650292007,0.00013702957629599388,0.0008925415650292007,0.002700362971473358
14,exponential_smoothing,DE,PTV_FLAT,ALL,2703,0.0,21256.515620634527,1.0,-23876.77285278341,-1.0,DE-PTV_FLAT-ALL,5.22633889881996e-05,0.00022342567960209614,-0.015462611553805499,5.22633889881996e-05,0.015462611553805499,0.00022342567960209614
15,exponential_smoothing,DE,PTV_FLAT,ALL,2704,0.0,21063.032287301226,1.0,-245749.0758148711,-9.0,DE-PTV_FLAT-ALL,-0.00031910173050309076,0.058163377345919864,0.09016448601345921,0.00031910173050309076,0.09016448601345921,0.058163377345919864
16,exponential_smoothing,DE,PTV_FLAT,ALL,2705,0.0,21284.686453967915,1.0,663985.7116894482,27.0,DE-PTV_FLAT-ALL,-0.09444332200701727,0.024359417864086186,-0.0776290273327502,0.09444332200701727,0.0776290273327502,0.024359417864086186
17,exponential_smoothing,DE,PTV_FLAT,ALL,2706,0.0,21618.032882539344,1.0,22687.154350605837,1.0,DE-PTV_FLAT-ALL,-0.0027039247518367837,-0.0009962621928867044,-0.0020566238062816877,0.0027039247518367837,0.0020566238062816877,0.0009962621928867044
18,exponential_smoothing,DK,MEDIATABLETS,ALL,2701,0.0,26274.0,19.0,38519.70858528385,24.0,DK-MEDIATABLETS-ALL,0.030886100298593122,-0.24851483694606913,0.04571220011822019,0.030886100298593122,0.04571220011822019,0.24851483694606913
19,exponential_smoothing,DK,MEDIATABLETS,ALL,2702,0.0,27148.0,20.0,30985.458864661,19.0,DK-MEDIATABLETS-ALL,-0.005470260207085104,-0.0406452395229018,-0.008562185341873502,0.005470260207085104,0.008562185341873502,0.0406452395229018
20,exponential_smoothing,DK,MEDIATABLETS,ALL,2703,0.0,28093.0,20.0,-7.305838205892344e+46,-100.0,DK-MEDIATABLETS-ALL,-5.757273615818536e+41,4.292857153425815e+42,-5.30479134041696e+41,5.757273615818536e+41,5.30479134041696e+41,4.292857153425815e+42
21,exponential_smoothing,DK,MEDIATABLETS,ALL,2704,0.0,28371.0,21.0,-9.555487236654499e+37,-100.0,DK-MEDIATABLETS-ALL,-7.694444189025999e+32,5.071344627943605e+33,-6.940838623128774e+32,7.694444189025999e+32,6.940838623128774e+32,5.071344627943605e+33
22,exponential_smoothing,DK,MEDIATABLETS,ALL,2705,0.0,29249.0,21.0,-8.59142361407334e+98,-100.0,DK-MEDIATABLETS-ALL,-6.449318104303621e+93,7.866468614666128e+94,-6.199590573041185e+93,6.449318104303621e+93,6.199590573041185e+93,7.866468614666128e+94
23,exponential_smoothing,DK,MEDIATABLETS,ALL,2706,0.0,29069.0,21.0,16467.650760526987,11.0,DK-MEDIATABLETS-ALL,-0.008656501301025188,-0.027933408675823307,-0.0700103910517797,0.008656501301025188,0.0700103910517797,0.027933408675823307
24,exponential_smoothing,DK,PTV_FLAT,ALL,2701,0.0,2394.0,1.0,-27928.561933625257,-16.0,DK-PTV_FLAT-ALL,0.11746410754955383,-0.25917848615279027,0.14537464000526049,0.11746410754955383,0.14537464000526049,0.25917848615279027
25,exponential_smoothing,DK,PTV_FLAT,ALL,2702,0.0,2375.0,1.0,-32186.230187987596,-17.0,DK-PTV_FLAT-ALL,0.0870574185851977,-0.19919366926845844,0.1674811587111278,0.0870574185851977,0.1674811587111278,0.19919366926845844
26,exponential_smoothing,DK,PTV_FLAT,ALL,2703,0.0,2305.0,1.0,3518.3466562684216,2.0,DK-PTV_FLAT-ALL,-0.005884942333041321,0.009147736658781769,-0.0067537266019676995,0.005884942333041321,0.0067537266019676995,0.009147736658781769
27,exponential_smoothing,DK,PTV_FLAT,ALL,2704,0.0,2300.0,1.0,-287844.8256813378,-64.0,DK-PTV_FLAT-ALL,-1.1130119167592767,2.886185191531709,-1.0781937926271696,1.1130119167592767,1.0781937926271696,2.886185191531709
28,exponential_smoothing,DK,PTV_FLAT,ALL,2705,0.0,2306.0,1.0,-33166.13522216896,-15.0,DK-PTV_FLAT-ALL,-0.05079436420559999,0.07848834297605922,-0.02681284829281151,0.05079436420559999,0.02681284829281151,0.07848834297605922
29,exponential_smoothing,DK,PTV_FLAT,ALL,2706,0.0,2304.0,1.0,-252409.0610742594,-50.0,DK-PTV_FLAT-ALL,-1.5434620541508164,3.5573185232459252,-1.289592526852195,1.5434620541508164,1.289592526852195,3.5573185232459252
30,exponential_smoothing,GB,INKJET_PRINTING_DEVICES,ALL,2701,0.0,66533.37809097665,8.0,118136.92103518013,14.000000000000002,GB-INKJET_PRINTING_DEVICES-ALL,-0.014673992377101014,-0.008245485199243618,0.025486774171251503,0.014673992377101014,0.025486774171251503,0.008245485199243618
31,exponential_smoothing,GB,INKJET_PRINTING_DEVICES,ALL,2702,0.0,67019.48054198179,8.0,281445.5525573752,46.0,GB-INKJET_PRINTING_DEVICES-ALL,-0.07985758580087601,0.15878237796447991,-0.25441283932034303,0.07985758580087601,0.25441283932034303,0.15878237796447991
32,exponential_smoothing,GB,INKJET_PRINTING_DEVICES,ALL,2703,3.637978807091713e-12,65975.14623847512,8.0,130613.89578668927,17.0,GB-INKJET_PRINTING_DEVICES-ALL,-0.020878575844172492,-0.007715742878938114,-0.0370783239864679,0.020878575844172492,0.0370783239864679,0.007715742878938114
33,exponential_smoothing,GB,INKJET_PRINTING_DEVICES,ALL,2704,3.637978807091713e-12,64892.56058656822,8.0,69590.12479986156,8.0,GB-INKJET_PRINTING_DEVICES-ALL,-0.03917453820072472,0.11918850786831842,-0.0058186435834935,0.03917453820072472,0.0058186435834935,0.11918850786831842
34,exponential_smoothing,GB,INKJET_PRINTING_DEVICES,ALL,2705,3.637978807091713e-12,68957.10016494754,8.0,-1382591.5407074145,-62.0,GB-INKJET_PRINTING_DEVICES-ALL,-1.7533458136983837,5.064499717621051,-1.6342459193089613,1.7533458136983837,1.6342459193089613,5.064499717621051
35,exponential_smoothing,GB,INKJET_PRINTING_DEVICES,ALL,2706,3.637978807091713e-12,68571.31542094372,8.0,410530.72136951465,42.0,GB-INKJET_PRINTING_DEVICES-ALL,0.34123919893534427,-0.8459302339117444,0.37262673090580656,0.34123919893534427,0.37262673090580656,0.8459302339117444
36,exponential_smoothing,GB,MONITORS,ALL,2701,0.0,168804.5426688776,22.0,281318.9810989516,34.0,GB-MONITORS-ALL,0.07625887012678031,-0.2957019025560506,0.10986686446888011,0.07625887012678031,0.10986686446888011,0.2957019025560506
37,exponential_smoothing,GB,MONITORS,ALL,2702,0.0,167153.05226564035,22.0,1747275.9084112952,231.99999999999997,GB-MONITORS-ALL,1.7077739393874587,-4.072328426794995,1.6219178674484214,1.7077739393874587,1.6219178674484214,4.072328426794995
38,exponential_smoothing,GB,MONITORS,ALL,2703,0.0,165167.81150513655,21.0,33181.548793785114,4.0,GB-MONITORS-ALL,0.037777837984640295,0.06834056437595004,0.07456609727146181,0.037777837984640295,0.07456609727146181,0.06834056437595004
39,exponential_smoothing,GB,MONITORS,ALL,2704,0.0,161100.5502838013,21.0,-19644.64732354559,-2.0,GB-MONITORS-ALL,-0.03444466081760042,0.27307037863143246,-0.057464425231444294,0.03444466081760042,0.057464425231444294,0.27307037863143246
40,exponential_smoothing,GB,MONITORS,ALL,2705,0.0,158794.83537821504,21.0,322993.9022106462,48.0,GB-MONITORS-ALL,0.016347818245605494,-0.2306227690800125,-0.032261674969361095,0.016347818245605494,0.032261674969361095,0.2306227690800125
41,exponential_smoothing,GB,MONITORS,ALL,2706,0.0,156290.21840083983,21.0,408897.1025423169,52.0,GB-MONITORS-ALL,0.2744694647193237,-0.8227329536810473,0.2704321024885337,0.2744694647193237,0.2704321024885337,0.8227329536810473
42,exponential_smoothing,GB,POINTING_DEV,ALL,2701,0.0,15980.0,1.0,229586.5096878837,17.0,GB-POINTING_DEV-ALL,-0.004714264361754594,-0.08784521688932728,-0.024895125039537294,0.004714264361754594,0.024895125039537294,0.08784521688932728
43,exponential_smoothing,GB,POINTING_DEV,ALL,2702,0.0,15764.0,1.0,-89417.85025370553,-6.0,GB-POINTING_DEV-ALL,-0.01380250557967369,0.003410048063028595,-0.0723441990546195,0.01380250557967369,0.0723441990546195,0.003410048063028595
44,exponential_smoothing,GB,POINTING_DEV,ALL,2703,0.0,15543.0,1.0,151320.82489911735,10.0,GB-POINTING_DEV-ALL,0.09241944958165169,-0.560220267533835,0.09247512673304599,0.09241944958165169,0.09247512673304599,0.560220267533835
45,exponential_smoothing,GB,POINTING_DEV,ALL,2704,0.0,15282.0,1.0,-41808.47261797611,-3.0,GB-POINTING_DEV-ALL,-0.05237834448867129,0.2691015670801589,-0.040074785784957906,0.05237834448867129,0.040074785784957906,0.2691015670801589
46,exponential_smoothing,GB,POINTING_DEV,ALL,2705,0.0,15203.0,1.0,-144616.48031447036,-9.0,GB-POINTING_DEV-ALL,-0.05688422214379471,0.22792279747800412,-0.05394877262667559,0.05688422214379471,0.05394877262667559,0.22792279747800412
47,exponential_smoothing,GB,POINTING_DEV,ALL,2706,0.0,15027.0,1.0,93339.38943660501,6.0,GB-POINTING_DEV-ALL,0.04006058957968511,-0.2591049410613902,0.0538165707255461,0.04006058957968511,0.0538165707255461,0.2591049410613902
48,exponential_smoothing,NO,MOBILE_COMPUTING,ALL,2701,0.0,58246.0,42.0,57263.09879574702,38.0,NO-MOBILE_COMPUTING-ALL,-0.004738192873046304,-0.038330633439857896,-0.029537425729123906,0.004738192873046304,0.029537425729123906,0.038330633439857896
49,exponential_smoothing,NO,MOBILE_COMPUTING,ALL,2702,0.0,59036.0,43.0,62276.73099105934,42.0,NO-MOBILE_COMPUTING-ALL,0.027314312656167586,-0.19748347482773781,-0.006721818660210405,0.027314312656167586,0.006721818660210405,0.19748347482773781
50,exponential_smoothing,NO,MOBILE_COMPUTING,ALL,2703,0.0,59042.0,43.0,89976.26982216931,67.0,NO-MOBILE_COMPUTING-ALL,0.07512227350945361,-0.5832372723774417,0.1218463377832903,0.07512227350945361,0.1218463377832903,0.5832372723774417
51,exponential_smoothing,NO,MOBILE_COMPUTING,ALL,2704,0.0,59059.0,44.0,59013.79206164707,40.0,NO-MOBILE_COMPUTING-ALL,0.010924595050404912,-0.16426681516028568,-0.034082348476233704,0.010924595050404912,0.034082348476233704,0.16426681516028568
52,exponential_smoothing,NO,MOBILE_COMPUTING,ALL,2705,0.0,57704.0,43.0,56884.33243739148,39.0,NO-MOBILE_COMPUTING-ALL,-0.004736836860837312,-0.04811477367030771,-0.031854552412499904,0.004736836860837312,0.031854552412499904,0.04811477367030771
53,exponential_smoothing,NO,MOBILE_COMPUTING,ALL,2706,0.0,56371.0,42.0,56947.934563682305,38.0,NO-MOBILE_COMPUTING-ALL,-0.01556300486420309,-0.0738791842732636,-0.029194640686235312,0.01556300486420309,0.029194640686235312,0.0738791842732636
54,exponential_smoothing,NO,PTV_FLAT,ALL,2701,0.0,4485.0,2.0,-33539.18690898003,-18.0,NO-PTV_FLAT-ALL,0.09752937071098969,-0.3968497291558895,0.18961646247618918,0.09752937071098969,0.18961646247618918,0.3968497291558895
55,exponential_smoothing,NO,PTV_FLAT,ALL,2702,0.0,4470.0,2.0,9363.6120544785,5.0,NO-PTV_FLAT-ALL,-0.010431513740247311,0.05431856069642382,-0.02660539803004071,0.010431513740247311,0.02660539803004071,0.05431856069642382
56,exponential_smoothing,NO,PTV_FLAT,ALL,2703,0.0,4425.0,2.0,4162.82964673091,2.0,NO-PTV_FLAT-ALL,2.9374622118688576e-05,-0.014501872141722105,-0.0005072249934589962,2.9374622118688576e-05,0.0005072249934589962,0.014501872141722105
57,exponential_smoothing,NO,PTV_FLAT,ALL,2704,0.0,4407.0,2.0,-10878.143874957565,-5.0,NO-PTV_FLAT-ALL,-0.026283992277834484,0.036998725928189924,-0.0386507925088806,0.026283992277834484,0.0386507925088806,0.036998725928189924
58,exponential_smoothing,NO,PTV_FLAT,ALL,2705,0.0,4441.0,2.0,14950.979209387562,9.0,NO-PTV_FLAT-ALL,-0.0912173813513863,0.23652107933151448,-0.0572269873246488,0.0912173813513863,0.0572269873246488,0.23652107933151448
59,exponential_smoothing,NO,PTV_FLAT,ALL,2706,0.0,4480.0,2.0,2621.587126544209,2.0,NO-PTV_FLAT-ALL,0.006965369542018124,-0.016708941639723973,0.007170965028352502,0.006965369542018124,0.007170965028352502,0.016708941639723973
60,exponential_smoothing,SE,MEDIATABLETS,ALL,2701,0.0,16797.0,8.0,32371.02201848406,15.0,SE-MEDIATABLETS-ALL,0.017444165964930994,-0.2180700155354319,0.0646564658796476,0.017444165964930994,0.0646564658796476,0.2180700155354319
61,exponential_smoothing,SE,MEDIATABLETS,ALL,2702,0.0,16675.0,8.0,15576.037393906461,7.000000000000001,SE-MEDIATABLETS-ALL,-0.001752363399469603,-0.007405965798141602,0.0036990042776069,0.001752363399469603,0.0036990042776069,0.007405965798141602
62,exponential_smoothing,SE,MEDIATABLETS,ALL,2703,0.0,16833.0,8.0,22045.16039194468,10.0,SE-MEDIATABLETS-ALL,-0.0010129770402932947,-0.0017358582331745143,0.020426216148173696,0.0010129770402932947,0.020426216148173696,0.0017358582331745143
63,exponential_smoothing,SE,MEDIATABLETS,ALL,2704,0.0,16801.0,8.0,-13176.443134218927,-6.0,SE-MEDIATABLETS-ALL,0.10894076193237541,-0.3720445965371375,0.1263170838689948,0.10894076193237541,0.1263170838689948,0.3720445965371375
64,exponential_smoothing,SE,MEDIATABLETS,ALL,2705,0.0,16786.0,8.0,13483.971962435497,6.0,SE-MEDIATABLETS-ALL,-0.004096472783689908,0.03621054368286902,-0.015446922143107299,0.004096472783689908,0.015446922143107299,0.03621054368286902
65,exponential_smoothing,SE,MEDIATABLETS,ALL,2706,0.0,16826.0,8.0,28945.125581860935,13.0,SE-MEDIATABLETS-ALL,0.0109409022019374,-0.21999998888432132,0.0505443315433462,0.0109409022019374,0.0505443315433462,0.21999998888432132
66,exponential_smoothing,SE,MOBILE_COMPUTING,ALL,2701,0.0,86956.0,39.0,117437.04378833693,51.0,SE-MOBILE_COMPUTING-ALL,0.055741800758637106,0.18949041556995463,0.0917891250093119,0.055741800758637106,0.0917891250093119,0.18949041556995463
67,exponential_smoothing,SE,MOBILE_COMPUTING,ALL,2702,0.0,87920.0,39.0,121053.58779956916,72.0,SE-MOBILE_COMPUTING-ALL,-0.16796939709756847,1.4530863042213573,-0.1758470272406425,0.16796939709756847,0.1758470272406425,1.4530863042213573
68,exponential_smoothing,SE,MOBILE_COMPUTING,ALL,2703,0.0,87964.0,40.0,98883.5842866543,43.0,SE-MOBILE_COMPUTING-ALL,0.046309557175371885,0.027720464389479997,0.0283287581357354,0.046309557175371885,0.0283287581357354,0.027720464389479997
69,exponential_smoothing,SE,MOBILE_COMPUTING,ALL,2704,0.0,86785.0,39.0,173187.47966146146,77.0,SE-MOBILE_COMPUTING-ALL,0.2805179420973264,-1.392572070959569,0.27645336657555286,0.2805179420973264,0.27645336657555286,1.392572070959569
70,exponential_smoothing,SE,MOBILE_COMPUTING,ALL,2705,0.0,85639.0,39.0,107009.04896490062,47.0,SE-MOBILE_COMPUTING-ALL,0.07240032926254221,-0.1253267404250956,0.0592200984141526,0.07240032926254221,0.0592200984141526,0.1253267404250956
71,exponential_smoothing,SE,MOBILE_COMPUTING,ALL,2706,0.0,85544.0,39.0,95428.0175833254,40.0,SE-MOBILE_COMPUTING-ALL,-0.01005082872094512,0.5679013162938256,0.007586213318837701,0.01005082872094512,0.007586213318837701,0.5679013162938256
72,exponential_smoothing,SE,PTV_FLAT,ALL,2701,0.0,6811.0,2.0,-337599.35221665003,-45.0,SE-PTV_FLAT-ALL,-1.0624475694869122,3.6468168783011223,-0.8578515623088195,1.0624475694869122,0.8578515623088195,3.6468168783011223
73,exponential_smoothing,SE,PTV_FLAT,ALL,2702,0.0,6743.0,2.0,24262.801465830704,4.0,SE-PTV_FLAT-ALL,0.04791853843359839,-0.22166432034995998,0.034050796049558296,0.04791853843359839,0.034050796049558296,0.22166432034995998
74,exponential_smoothing,SE,PTV_FLAT,ALL,2703,0.0,6621.0,2.0,136371.2658780842,23.0,SE-PTV_FLAT-ALL,0.3911105387129923,-1.0807281122268777,0.3109352151933517,0.3911105387129923,0.3109352151933517,1.0807281122268777
75,exponential_smoothing,SE,PTV_FLAT,ALL,2704,0.0,6514.0,2.0,-1.0299567340431974e+223,-100.0,SE-PTV_FLAT-ALL,-3.849349711798685e+217,inf,-2.6168198308477516e+217,3.849349711798685e+217,2.6168198308477516e+217,inf
76,exponential_smoothing,SE,PTV_FLAT,ALL,2705,0.0,6452.0,2.0,-766364.0606298915,-43.0,SE-PTV_FLAT-ALL,-2.5200270307631456,11.321735706093751,-2.045021327180916,2.5200270307631456,2.045021327180916,11.321735706093751
77,exponential_smoothing,SE,PTV_FLAT,ALL,2706,0.0,6318.0,2.0,50129.53272320341,7.000000000000001,SE-PTV_FLAT-ALL,0.1442810364088174,-0.4507548710031637,0.0995495177945771,0.1442810364088174,0.0995495177945771,0.4507548710031637
0,nixtla_arima,CH,MOBILE_COMPUTING,ALL,2701,0.0,36936.0,13.0,36339.3828125,12.0,CH-MOBILE_COMPUTING-ALL,-0.019281352638203297,-0.0029933620086508017,-0.005565334963722902,0.019281352638203297,0.005565334963722902,0.0029933620086508017
1,nixtla_arima,CH,MOBILE_COMPUTING,ALL,2702,0.0,37756.0,13.0,35732.26513671875,12.0,CH-MOBILE_COMPUTING-ALL,-0.017305153820947494,-0.004785666396073904,-0.0097713833392505,0.017305153820947494,0.0097713833392505,0.004785666396073904
2,nixtla_arima,CH,MOBILE_COMPUTING,ALL,2703,0.0,37712.0,13.0,36269.24365234375,12.0,CH-MOBILE_COMPUTING-ALL,-0.0171671430759347,-0.005521276642483114,-0.007039769797861299,0.0171671430759347,0.007039769797861299,0.005521276642483114
3,nixtla_arima,CH,MOBILE_COMPUTING,ALL,2704,0.0,37737.99999999999,13.0,38442.5478515625,14.000000000000002,CH-MOBILE_COMPUTING-ALL,-0.013790451339266818,-0.010982439093827817,-0.0025244291353698,0.013790451339266818,0.0025244291353698,0.010982439093827817
4,nixtla_arima,CH,MOBILE_COMPUTING,ALL,2705,0.0,38217.99999999999,13.0,41940.81201171875,15.0,CH-MOBILE_COMPUTING-ALL,-0.0155560034484937,0.0032254677671821053,-0.0153710824600218,0.0155560034484937,0.0153710824600218,0.0032254677671821053
5,nixtla_arima,CH,MOBILE_COMPUTING,ALL,2706,0.0,40134.0,14.000000000000002,36271.14990234375,13.0,CH-MOBILE_COMPUTING-ALL,-0.009357035720004209,-0.04431578322723739,0.007972545551800596,0.009357035720004209,0.007972545551800596,0.04431578322723739
6,nixtla_arima,DE,DIGITAL_CAMERAS,ALL,2701,3.637978807091713e-12,8578.819603174585,3.0,11223.74072265625,3.0,DE-DIGITAL_CAMERAS-ALL,-0.005453115033059203,0.0137007248092198,0.004791392885462986,0.005453115033059203,0.004791392885462986,0.0137007248092198
7,nixtla_arima,DE,DIGITAL_CAMERAS,ALL,2702,3.637978807091713e-12,8454.990603174589,3.0,11079.0322265625,3.0,DE-DIGITAL_CAMERAS-ALL,-0.006069310062495004,0.01440742988590249,0.005411997499926588,0.006069310062495004,0.005411997499926588,0.01440742988590249
8,nixtla_arima,DE,DIGITAL_CAMERAS,ALL,2703,3.637978807091713e-12,8337.374936507924,3.0,10723.54736328125,3.0,DE-DIGITAL_CAMERAS-ALL,-0.006413875603791502,0.015722495270807713,0.005526037895861494,0.006413875603791502,0.005526037895861494,0.015722495270807713
9,nixtla_arima,DE,DIGITAL_CAMERAS,ALL,2704,3.637978807091713e-12,8315.46010317459,3.0,11946.12548828125,3.0,DE-DIGITAL_CAMERAS-ALL,-0.00805690707823098,0.013384088428557095,0.009160411735335702,0.00805690707823098,0.009160411735335702,0.013384088428557095
10,nixtla_arima,DE,DIGITAL_CAMERAS,ALL,2705,3.637978807091713e-12,8378.894436507924,3.0,11640.17578125,3.0,DE-DIGITAL_CAMERAS-ALL,-0.008032746399434298,0.014751986908226516,0.008625159400372992,0.008032746399434298,0.008625159400372992,0.014751986908226516
11,nixtla_arima,DE,DIGITAL_CAMERAS,ALL,2706,3.637978807091713e-12,8101.609603174598,3.0,11800.69189453125,4.0,DE-DIGITAL_CAMERAS-ALL,-0.008977754829504303,0.015526605703328894,0.010241543958524599,0.008977754829504303,0.010241543958524599,0.015526605703328894
12,nixtla_arima,DE,PTV_FLAT,ALL,2701,0.0,21056.733144444035,1.0,21411.25,1.0,DE-PTV_FLAT-ALL,0.0024823023708650527,-0.015079084314304395,-0.0016130079931434005,0.0024823023708650527,0.0016130079931434005,0.015079084314304395
13,nixtla_arima,DE,PTV_FLAT,ALL,2702,0.0,21004.195977777388,1.0,19616.1796875,1.0,DE-PTV_FLAT-ALL,-0.0010335995173043622,1.2365218209908768e-06,-0.0020868394138429114,0.0010335995173043622,0.0020868394138429114,1.2365218209908768e-06
14,nixtla_arima,DE,PTV_FLAT,ALL,2703,0.0,21256.515620634527,1.0,23682.203125,1.0,DE-PTV_FLAT-ALL,-0.001351919302112703,-0.0008233977058902942,0.0006789014879188988,0.001351919302112703,0.0006789014879188988,0.0008233977058902942
15,nixtla_arima,DE,PTV_FLAT,ALL,2704,0.0,21063.032287301226,1.0,25225.1484375,1.0,DE-PTV_FLAT-ALL,-0.0013956515292835037,-0.0002427262167168931,-0.0015204575145335002,0.0013956515292835037,0.0015204575145335002,0.0002427262167168931
16,nixtla_arima,DE,PTV_FLAT,ALL,2705,0.0,21284.686453967915,1.0,24066.23828125,1.0,DE-PTV_FLAT-ALL,-0.001343736407851709,-7.596322245578824e-05,-0.0011729042552095018,0.001343736407851709,0.0011729042552095018,7.596322245578824e-05
17,nixtla_arima,DE,PTV_FLAT,ALL,2706,0.0,21618.032882539344,1.0,18056.09375,1.0,DE-PTV_FLAT-ALL,-0.0013640795650559923,-0.0009546102097462983,0.0008927249086661052,0.0013640795650559923,0.0008927249086661052,0.0009546102097462983
18,nixtla_arima,DK,MEDIATABLETS,ALL,2701,0.0,26274.0,19.0,20955.57861328125,13.0,DK-MEDIATABLETS-ALL,-0.038200230321820905,0.0929261102884866,-0.05825903258196728,0.038200230321820905,0.05825903258196728,0.0929261102884866
19,nixtla_arima,DK,MEDIATABLETS,ALL,2702,0.0,27148.0,20.0,21440.806396484375,14.000000000000002,DK-MEDIATABLETS-ALL,-0.029673415879004794,0.0473047408615571,-0.05920446321802571,0.029673415879004794,0.05920446321802571,0.0473047408615571
20,nixtla_arima,DK,MEDIATABLETS,ALL,2703,0.0,28093.0,20.0,21955.656982421875,14.000000000000002,DK-MEDIATABLETS-ALL,-0.033275472095516484,0.040008383779342405,-0.06314776774617731,0.033275472095516484,0.06314776774617731,0.040008383779342405
21,nixtla_arima,DK,MEDIATABLETS,ALL,2704,0.0,28371.0,21.0,21819.804443359375,14.000000000000002,DK-MEDIATABLETS-ALL,-0.03452793415682648,0.0374948773288047,-0.06595982544444119,0.03452793415682648,0.06595982544444119,0.0374948773288047
22,nixtla_arima,DK,MEDIATABLETS,ALL,2705,0.0,29249.0,21.0,20816.980712890625,13.0,DK-MEDIATABLETS-ALL,-0.03019458966861388,0.023617228471032203,-0.07554856607399771,0.03019458966861388,0.07554856607399771,0.023617228471032203
23,nixtla_arima,DK,MEDIATABLETS,ALL,2706,0.0,29069.0,21.0,20855.270263671875,13.0,DK-MEDIATABLETS-ALL,-0.028117781464292002,0.023536091554108213,-0.0736623325428714,0.028117781464292002,0.0736623325428714,0.023536091554108213
24,nixtla_arima,DK,PTV_FLAT,ALL,2701,0.0,2394.0,1.0,3357.5244140625,2.0,DK-PTV_FLAT-ALL,-0.005020401919827,-0.01166154041164491,0.004245130482088001,0.005020401919827,0.004245130482088001,0.01166154041164491
25,nixtla_arima,DK,PTV_FLAT,ALL,2702,0.0,2375.0,1.0,7379.08447265625,4.0,DK-PTV_FLAT-ALL,-0.003005866154726894,0.022070247754942707,-0.025207556963476596,0.003005866154726894,0.025207556963476596,0.022070247754942707
26,nixtla_arima,DK,PTV_FLAT,ALL,2703,0.0,2305.0,1.0,3006.373046875,2.0,DK-PTV_FLAT-ALL,-0.004076508142869889,0.007476874261107325,-0.004591290203389109,0.004076508142869889,0.004591290203389109,0.007476874261107325
27,nixtla_arima,DK,PTV_FLAT,ALL,2704,0.0,2300.0,1.0,2867.689453125,1.0,DK-PTV_FLAT-ALL,-0.0021961111427920843,0.0030143749366642325,-0.002936851579351,0.0021961111427920843,0.002936851579351,0.0030143749366642325
28,nixtla_arima,DK,PTV_FLAT,ALL,2705,0.0,2306.0,1.0,2866.85693359375,1.0,DK-PTV_FLAT-ALL,-0.0023524939901896913,0.0019637408389712174,0.002513470070814202,0.0023524939901896913,0.002513470070814202,0.0019637408389712174
29,nixtla_arima,DK,PTV_FLAT,ALL,2706,0.0,2304.0,1.0,2909.44287109375,1.0,DK-PTV_FLAT-ALL,-0.006787265553084981,0.001970080220407122,0.0023798407747191025,0.006787265553084981,0.0023798407747191025,0.001970080220407122
30,nixtla_arima,GB,INKJET_PRINTING_DEVICES,ALL,2701,0.0,66533.37809097665,8.0,69576.208984375,6.0,GB-INKJET_PRINTING_DEVICES-ALL,-0.017175072809595904,-0.0017988721210917824,-0.016631722232872626,0.017175072809595904,0.016631722232872626,0.0017988721210917824
31,nixtla_arima,GB,INKJET_PRINTING_DEVICES,ALL,2702,0.0,67019.48054198179,8.0,68743.021484375,6.0,GB-INKJET_PRINTING_DEVICES-ALL,-0.018569731934178935,-0.001554878157270595,-0.018171228809903295,0.018569731934178935,0.018171228809903295,0.001554878157270595
32,nixtla_arima,GB,INKJET_PRINTING_DEVICES,ALL,2703,3.637978807091713e-12,65975.14623847512,8.0,68702.81640625,6.0,GB-INKJET_PRINTING_DEVICES-ALL,-0.018279158515197624,-0.0026095550448259897,-0.018039544385349382,0.018279158515197624,0.018039544385349382,0.0026095550448259897
33,nixtla_arima,GB,INKJET_PRINTING_DEVICES,ALL,2704,3.637978807091713e-12,64892.56058656822,8.0,69394.056640625,6.0,GB-INKJET_PRINTING_DEVICES-ALL,-0.01740081255621362,-0.0022718843383489062,-0.016820111145990913,0.01740081255621362,0.016820111145990913,0.0022718843383489062
34,nixtla_arima,GB,INKJET_PRINTING_DEVICES,ALL,2705,3.637978807091713e-12,68957.10016494754,8.0,69082.388671875,6.0,GB-INKJET_PRINTING_DEVICES-ALL,-0.0283822553925952,0.0026235382332092105,-0.024921887344272586,0.0283822553925952,0.024921887344272586,0.0026235382332092105
35,nixtla_arima,GB,INKJET_PRINTING_DEVICES,ALL,2706,3.637978807091713e-12,68571.31542094372,8.0,68826.578125,6.0,GB-INKJET_PRINTING_DEVICES-ALL,-0.02881370162847008,0.0030538787789421984,-0.025502722775498143,0.02881370162847008,0.025502722775498143,0.0030538787789421984
36,nixtla_arima,GB,MONITORS,ALL,2701,0.0,168804.5426688776,22.0,220233.732421875,23.0,GB-MONITORS-ALL,0.0003339104719201069,-0.03281229019478771,0.011128263692529894,0.0003339104719201069,0.011128263692529894,0.03281229019478771
37,nixtla_arima,GB,MONITORS,ALL,2702,0.0,167153.05226564035,22.0,214570.984375,22.0,GB-MONITORS-ALL,-0.0060203310632293006,-0.008985729351313781,0.0020461953505233055,0.0060203310632293006,0.0020461953505233055,0.008985729351313781
38,nixtla_arima,GB,MONITORS,ALL,2703,0.0,165167.81150513655,21.0,-34640.96484375,-4.0,GB-MONITORS-ALL,0.04980268282171341,0.01622978924028229,-0.013322799682296604,0.04980268282171341,0.013322799682296604,0.01622978924028229
39,nixtla_arima,GB,MONITORS,ALL,2704,0.0,161100.5502838013,21.0,208758.15234375,24.0,GB-MONITORS-ALL,0.02558371524785441,-0.04010003386981398,0.02997023276268672,0.02558371524785441,0.02997023276268672,0.04010003386981398
40,nixtla_arima,GB,MONITORS,ALL,2705,0.0,158794.83537821504,21.0,210521.197265625,25.0,GB-MONITORS-ALL,0.030577756261778805,-0.0414076446802929,0.0358638745422204,0.030577756261778805,0.0358638745422204,0.0414076446802929
41,nixtla_arima,GB,MONITORS,ALL,2706,0.0,156290.21840083983,21.0,204777.11328125,24.0,GB-MONITORS-ALL,0.02782407941101739,-0.023840107574227803,0.033687018261707904,0.02782407941101739,0.033687018261707904,0.023840107574227803
42,nixtla_arima,GB,POINTING_DEV,ALL,2701,0.0,15980.0,1.0,8214.39453125,1.0,GB-POINTING_DEV-ALL,-0.005396674631989007,-0.01782701011915641,-0.006249992038508595,0.005396674631989007,0.006249992038508595,0.01782701011915641
43,nixtla_arima,GB,POINTING_DEV,ALL,2702,0.0,15764.0,1.0,9923.5234375,1.0,GB-POINTING_DEV-ALL,-0.0039586447352041865,-0.019159871061208908,-0.004831887396758702,0.0039586447352041865,0.004831887396758702,0.019159871061208908
44,nixtla_arima,GB,POINTING_DEV,ALL,2703,0.0,15543.0,1.0,10406.640625,1.0,GB-POINTING_DEV-ALL,0.0003749025159149044,-0.047721094444966916,0.002071922291617373,0.0003749025159149044,0.002071922291617373,0.047721094444966916
45,nixtla_arima,GB,POINTING_DEV,ALL,2704,0.0,15282.0,1.0,11593.85546875,1.0,GB-POINTING_DEV-ALL,-0.002337434000014793,-0.0324284869331084,-0.0031152883622296013,0.002337434000014793,0.0031152883622296013,0.0324284869331084
46,nixtla_arima,GB,POINTING_DEV,ALL,2705,0.0,15203.0,1.0,13783.9296875,1.0,GB-POINTING_DEV-ALL,-0.0023419371691850988,-0.032930478294489696,-0.001473007306213199,0.0023419371691850988,0.001473007306213199,0.032930478294489696
47,nixtla_arima,GB,POINTING_DEV,ALL,2706,0.0,15027.0,1.0,14218.734375,1.0,GB-POINTING_DEV-ALL,-0.0021234355406204164,-0.03417653674037663,-0.0008823480791522002,0.0021234355406204164,0.0008823480791522002,0.03417653674037663
48,nixtla_arima,NO,MOBILE_COMPUTING,ALL,2701,0.0,58246.0,42.0,47672.029052734375,33.0,NO-MOBILE_COMPUTING-ALL,0.006039512354042695,-0.0923664858092163,-0.0188165903948575,0.006039512354042695,0.0188165903948575,0.0923664858092163
49,nixtla_arima,NO,MOBILE_COMPUTING,ALL,2702,0.0,59036.0,43.0,47640.295654296875,33.0,NO-MOBILE_COMPUTING-ALL,0.014968374370926005,-0.111340989594756,-0.011145248261438898,0.014968374370926005,0.011145248261438898,0.111340989594756
50,nixtla_arima,NO,MOBILE_COMPUTING,ALL,2703,0.0,59042.0,43.0,47759.17626953125,33.0,NO-MOBILE_COMPUTING-ALL,0.009432612319238698,-0.0922575620037375,-0.030555969574887897,0.009432612319238698,0.030555969574887897,0.0922575620037375
51,nixtla_arima,NO,MOBILE_COMPUTING,ALL,2704,0.0,59059.0,44.0,49442.70849609375,35.0,NO-MOBILE_COMPUTING-ALL,0.006962431712049605,-0.0896770633811591,-0.06355545852268951,0.006962431712049605,0.06355545852268951,0.0896770633811591
52,nixtla_arima,NO,MOBILE_COMPUTING,ALL,2705,0.0,57704.0,43.0,49416.2939453125,35.0,NO-MOBILE_COMPUTING-ALL,-6.625276043670247e-05,-0.07381256403934891,-0.06251983540323221,6.625276043670247e-05,0.06251983540323221,0.07381256403934891
53,nixtla_arima,NO,MOBILE_COMPUTING,ALL,2706,0.0,56371.0,42.0,49609.177978515625,35.0,NO-MOBILE_COMPUTING-ALL,-0.006831102997006094,-0.056530105161832905,-0.056308361143634605,0.006831102997006094,0.056308361143634605,0.056530105161832905
54,nixtla_arima,NO,PTV_FLAT,ALL,2701,0.0,4485.0,2.0,4242.03515625,2.0,NO-PTV_FLAT-ALL,-0.00538105446520179,-0.0020483581728356903,-0.004029069587254408,0.00538105446520179,0.004029069587254408,0.0020483581728356903
55,nixtla_arima,NO,PTV_FLAT,ALL,2702,0.0,4470.0,2.0,4210.73974609375,2.0,NO-PTV_FLAT-ALL,-0.004576153399634603,-0.0027038001553436886,-0.0038428387406640035,0.004576153399634603,0.0038428387406640035,0.0027038001553436886
56,nixtla_arima,NO,PTV_FLAT,ALL,2703,0.0,4425.0,2.0,4136.04833984375,2.0,NO-PTV_FLAT-ALL,-0.004771506486343807,-0.0024679583827813822,-0.0040072924337404975,0.004771506486343807,0.0040072924337404975,0.0024679583827813822
57,nixtla_arima,NO,PTV_FLAT,ALL,2704,0.0,4407.0,2.0,4070.5810546875,2.0,NO-PTV_FLAT-ALL,-0.0048727017075355095,-0.002526440560797316,-0.0044798577287055025,0.0048727017075355095,0.0044798577287055025,0.002526440560797316
58,nixtla_arima,NO,PTV_FLAT,ALL,2705,0.0,4441.0,2.0,4183.47607421875,2.0,NO-PTV_FLAT-ALL,-0.003414920247179709,-0.002099595638092422,-0.0018193755798803987,0.003414920247179709,0.0018193755798803987,0.002099595638092422
59,nixtla_arima,NO,PTV_FLAT,ALL,2706,0.0,4480.0,2.0,4226.1572265625,2.0,NO-PTV_FLAT-ALL,-0.003420259562287975,-0.002470334725059975,-0.0015022711853331008,0.003420259562287975,0.0015022711853331008,0.002470334725059975
60,nixtla_arima,SE,MEDIATABLETS,ALL,2701,0.0,16797.0,8.0,13483.08251953125,6.0,SE-MEDIATABLETS-ALL,-0.0026290638757261037,0.016918623786452203,-0.021713032524830103,0.0026290638757261037,0.021713032524830103,0.016918623786452203
61,nixtla_arima,SE,MEDIATABLETS,ALL,2702,0.0,16675.0,8.0,13217.87109375,6.0,SE-MEDIATABLETS-ALL,-0.002044806860574802,0.0181894226410939,-0.021245355809662997,0.002044806860574802,0.021245355809662997,0.0181894226410939
62,nixtla_arima,SE,MEDIATABLETS,ALL,2703,0.0,16833.0,8.0,12052.59375,5.0,SE-MEDIATABLETS-ALL,0.0005728248060561103,0.0208814727946571,-0.0264373328197647,0.0005728248060561103,0.0264373328197647,0.0208814727946571
63,nixtla_arima,SE,MEDIATABLETS,ALL,2704,0.0,16801.0,8.0,10267.1142578125,4.0,SE-MEDIATABLETS-ALL,-0.0009148727069650114,0.026905544825883598,-0.0335164557202388,0.0009148727069650114,0.0335164557202388,0.026905544825883598
64,nixtla_arima,SE,MEDIATABLETS,ALL,2705,0.0,16786.0,8.0,10112.73681640625,4.0,SE-MEDIATABLETS-ALL,-0.0006491258181534898,0.02670076337361103,-0.033619949182881706,0.0006491258181534898,0.033619949182881706,0.02670076337361103
65,nixtla_arima,SE,MEDIATABLETS,ALL,2706,0.0,16826.0,8.0,10426.60595703125,4.0,SE-MEDIATABLETS-ALL,-0.003754844519277503,0.0262482204806461,-0.0325988952050715,0.003754844519277503,0.0325988952050715,0.0262482204806461
66,nixtla_arima,SE,MOBILE_COMPUTING,ALL,2701,0.0,86956.0,39.0,115372.25830078125,50.0,SE-MOBILE_COMPUTING-ALL,0.0792643137308035,-0.24006715407895302,0.08192937848659851,0.0792643137308035,0.08192937848659851,0.24006715407895302
67,nixtla_arima,SE,MOBILE_COMPUTING,ALL,2702,0.0,87920.0,39.0,115092.919921875,50.0,SE-MOBILE_COMPUTING-ALL,0.07556150390487561,-0.1901338498393833,0.07963749174131549,0.07556150390487561,0.07963749174131549,0.1901338498393833
68,nixtla_arima,SE,MOBILE_COMPUTING,ALL,2703,0.0,87964.0,40.0,117626.79052734375,51.0,SE-MOBILE_COMPUTING-ALL,0.0903378473024227,-0.23248939570235388,0.08703522849305859,0.0903378473024227,0.08703522849305859,0.23248939570235388
69,nixtla_arima,SE,MOBILE_COMPUTING,ALL,2704,0.0,86785.0,39.0,118419.7822265625,52.0,SE-MOBILE_COMPUTING-ALL,0.101020695942985,-0.2753955667157178,0.093558506378718,0.101020695942985,0.093558506378718,0.2753955667157178
70,nixtla_arima,SE,MOBILE_COMPUTING,ALL,2705,0.0,85639.0,39.0,110952.88330078125,48.0,SE-MOBILE_COMPUTING-ALL,0.0865316284979337,-0.21412857990537232,0.0731519804004461,0.0865316284979337,0.0731519804004461,0.21412857990537232
71,nixtla_arima,SE,MOBILE_COMPUTING,ALL,2706,0.0,85544.0,39.0,117979.90771484375,51.0,SE-MOBILE_COMPUTING-ALL,0.1083961922843432,-0.33445251477389293,0.09490709069683709,0.1083961922843432,0.09490709069683709,0.33445251477389293
72,nixtla_arima,SE,PTV_FLAT,ALL,2701,0.0,6811.0,2.0,5536.82177734375,2.0,SE-PTV_FLAT-ALL,-0.0033844674383061157,-0.012473891602189202,-0.0011242543428072738,0.0033844674383061157,0.0011242543428072738,0.012473891602189202
73,nixtla_arima,SE,PTV_FLAT,ALL,2702,0.0,6743.0,2.0,5732.40576171875,2.0,SE-PTV_FLAT-ALL,-0.0018786265613124076,-0.007714136228293589,-0.00024224359423871689,0.0018786265613124076,0.00024224359423871689,0.007714136228293589
74,nixtla_arima,SE,PTV_FLAT,ALL,2703,0.0,6621.0,2.0,-4048.806640625,-1.0,SE-PTV_FLAT-ALL,0.021462564124168804,-0.0712838220905469,0.024399099324231593,0.021462564124168804,0.024399099324231593,0.0712838220905469
75,nixtla_arima,SE,PTV_FLAT,ALL,2704,0.0,6514.0,2.0,5738.8232421875,2.0,SE-PTV_FLAT-ALL,-0.0023294308218216875,-0.003610287648241506,0.0006235821891498045,0.0023294308218216875,0.0006235821891498045,0.003610287648241506
76,nixtla_arima,SE,PTV_FLAT,ALL,2705,0.0,6452.0,2.0,6374.5869140625,2.0,SE-PTV_FLAT-ALL,-0.003106333482341711,-0.0010945629193655003,-0.0016023175792838074,0.003106333482341711,0.0016023175792838074,0.0010945629193655003
77,nixtla_arima,SE,PTV_FLAT,ALL,2706,0.0,6318.0,2.0,6295.5537109375,2.0,SE-PTV_FLAT-ALL,-0.0033159458882413007,-0.0009043132661603996,-0.0016783824734176028,0.0033159458882413007,0.0016783824734176028,0.0009043132661603996
